{
  "resourceType" : "Bundle",
  "id" : "788446eb-b2fe-49f8-8e69-bdbfcc1b47d8",
  "meta" : {
    "lastUpdated" : "2022-01-28T08:56:12.284+00:00"
  },
  "type" : "collection",
  "entry" : [{
    "fullUrl" : "http://hl7.org/fhir/us/example/ValueSet/be-granularity-vs",
    "resource" : {
      "resourceType" : "ValueSet",
      "id" : "be-granularity-vs",
      "text" : {
        "status" : "generated",
        "div" : "<div xmlns=\"http://www.w3.org/1999/xhtml\"><p>This value set contains 5 concepts</p><div style=\"border: black 1px dotted; background-color: #EEEEEE; padding: 8px; margin-bottom: 8px\"><p>Expansion based on: </p><ul><li><a href=\"CodeSystem-medics.html\">Drug Code System v0.1.0 (CodeSystem)</a></li><li><a href=\"CodeSystem-beMedCS.html\">Drug Code System v0.1.0 (CodeSystem)</a></li></ul></div><table class=\"codes\"><tr><td style=\"white-space:nowrap\"><b>Code</b></td><td><b>System</b></td><td><b>Display</b></td><td><b>Definition</b></td></tr><tr><td style=\"white-space:nowrap\"><a name=\"http---hl7.org-fhir-us-example-CodeSystem-mediCS-SUBST\"> </a><a href=\"CodeSystem-medics.html#medics-SUBST\">SUBST</a></td><td>http://hl7.org/fhir/us/example/CodeSystem/mediCS</td><td>Substance</td><td>Substance</td></tr><tr><td style=\"white-space:nowrap\"><a name=\"http---hl7.org-fhir-us-example-CodeSystem-mediCS-PHARMPROD\"> </a><a href=\"CodeSystem-medics.html#medics-PHARMPROD\">PHARMPROD</a></td><td>http://hl7.org/fhir/us/example/CodeSystem/mediCS</td><td>Pharmaceutical Product</td><td/></tr><tr><td style=\"white-space:nowrap\"><a name=\"http---hl7.org-fhir-us-example-CodeSystem-mediCS-MEDPROD\"> </a><a href=\"CodeSystem-medics.html#medics-MEDPROD\">MEDPROD</a></td><td>http://hl7.org/fhir/us/example/CodeSystem/mediCS</td><td>Medicinal Product</td><td/></tr><tr><td style=\"white-space:nowrap\"><a name=\"http---hl7.org-fhir-us-example-CodeSystem-mediCS-PACKMEDPROD\"> </a><a href=\"CodeSystem-medics.html#medics-PACKMEDPROD\">PACKMEDPROD</a></td><td>http://hl7.org/fhir/us/example/CodeSystem/mediCS</td><td>Packaged Medicinal Product</td><td/></tr><tr><td style=\"white-space:nowrap\"><a name=\"http---hl7.org-fhir-us-example-CodeSystem-beMedCS-VMPG\"> </a><a href=\"CodeSystem-beMedCS.html#beMedCS-VMPG\">VMPG</a></td><td>http://hl7.org/fhir/us/example/CodeSystem/beMedCS</td><td>VMP Group</td><td/></tr></table></div>"
      },
      "url" : "http://hl7.org/fhir/us/example/ValueSet/be-granularity-vs",
      "version" : "0.1.0",
      "name" : "BeGranularityVS",
      "title" : "Be Granularity Value Set",
      "status" : "active",
      "date" : "2022-01-28T08:56:12+00:00",
      "description" : "Indicates the granularity of product for belgium",
      "expansion" : {
        "identifier" : "urn:uuid:710bfbda-d811-4f2c-a87e-1943aa043444",
        "timestamp" : "2022-01-28T08:56:49+00:00",
        "total" : 5,
        "parameter" : [{
          "name" : "excludeNested",
          "valueBoolean" : false
        },
        {
          "name" : "version",
          "valueUri" : "http://hl7.org/fhir/us/example/CodeSystem/mediCS|0.1.0"
        },
        {
          "name" : "version",
          "valueUri" : "http://hl7.org/fhir/us/example/CodeSystem/beMedCS|0.1.0"
        }],
        "contains" : [{
          "system" : "http://hl7.org/fhir/us/example/CodeSystem/mediCS",
          "code" : "SUBST",
          "display" : "Substance"
        },
        {
          "system" : "http://hl7.org/fhir/us/example/CodeSystem/mediCS",
          "code" : "PHARMPROD",
          "display" : "Pharmaceutical Product"
        },
        {
          "system" : "http://hl7.org/fhir/us/example/CodeSystem/mediCS",
          "code" : "MEDPROD",
          "display" : "Medicinal Product"
        },
        {
          "system" : "http://hl7.org/fhir/us/example/CodeSystem/mediCS",
          "code" : "PACKMEDPROD",
          "display" : "Packaged Medicinal Product"
        },
        {
          "system" : "http://hl7.org/fhir/us/example/CodeSystem/beMedCS",
          "code" : "VMPG",
          "display" : "VMP Group"
        }]
      }
    }
  },
  {
    "fullUrl" : "http://hl7.org/fhir/us/example/ValueSet/be-marketingauthorization-holder-vs",
    "resource" : {
      "resourceType" : "ValueSet",
      "id" : "be-marketingauthorization-holder-vs",
      "text" : {
        "status" : "generated",
        "div" : "<div xmlns=\"http://www.w3.org/1999/xhtml\"><p>This value set contains 1 concepts</p><p style=\"border: black 1px dotted; background-color: #EEEEEE; padding: 8px; margin-bottom: 8px\">Expansion based on <a href=\"CodeSystem-be-marketingauthorization-holder-cs.html\">Marketing Authorization Holder Code System v0.1.0 (CodeSystem)</a></p><p>All codes in this table are from the system <a href=\"CodeSystem-be-marketingauthorization-holder-cs.html\"><code>http://hl7.org/fhir/us/example/CodeSystem/be-marketingauthorization-holder-cs</code></a></p><table class=\"codes\"><tr><td style=\"white-space:nowrap\"><b>Code</b></td><td><b>Display</b></td></tr><tr><td style=\"white-space:nowrap\"><a name=\"http---hl7.org-fhir-us-example-CodeSystem-be-marketingauthorization-holder-cs-000001\"> </a><a href=\"CodeSystem-be-marketingauthorization-holder-cs.html#be-marketingauthorization-holder-cs-000001\">000001</a></td><td>AstraZeneca</td></tr></table></div>"
      },
      "url" : "http://hl7.org/fhir/us/example/ValueSet/be-marketingauthorization-holder-vs",
      "version" : "0.1.0",
      "name" : "BeMAHolderVS",
      "title" : "Marketing Authorization Holder Value Set",
      "status" : "active",
      "date" : "2022-01-28T08:56:12+00:00",
      "description" : "Indicates the Marketing Authorization Holder of a product",
      "expansion" : {
        "identifier" : "urn:uuid:21062627-d588-463a-bad8-f2e3c2f58ec8",
        "timestamp" : "2022-01-28T08:56:49+00:00",
        "total" : 1,
        "parameter" : [{
          "name" : "excludeNested",
          "valueBoolean" : false
        },
        {
          "name" : "version",
          "valueUri" : "http://hl7.org/fhir/us/example/CodeSystem/be-marketingauthorization-holder-cs|0.1.0"
        }],
        "contains" : [{
          "system" : "http://hl7.org/fhir/us/example/CodeSystem/be-marketingauthorization-holder-cs",
          "code" : "000001",
          "display" : "AstraZeneca"
        }]
      }
    }
  },
  {
    "fullUrl" : "http://hl7.org/fhir/us/example/ValueSet/be-marketingauthorization-vs",
    "resource" : {
      "resourceType" : "ValueSet",
      "id" : "be-marketingauthorization-vs",
      "text" : {
        "status" : "generated",
        "div" : "<div xmlns=\"http://www.w3.org/1999/xhtml\"><p>This value set contains 1 concepts</p><p style=\"border: black 1px dotted; background-color: #EEEEEE; padding: 8px; margin-bottom: 8px\">Expansion based on <a href=\"CodeSystem-be-marketingauthorization-cs.html\">Marketing Authorization Code System v0.1.0 (CodeSystem)</a></p><p>All codes in this table are from the system <a href=\"CodeSystem-be-marketingauthorization-cs.html\"><code>http://hl7.org/fhir/us/example/CodeSystem/be-marketingauthorization-cs</code></a></p><table class=\"codes\"><tr><td style=\"white-space:nowrap\"><b>Code</b></td><td><b>Display</b></td></tr><tr><td style=\"white-space:nowrap\"><a name=\"http---hl7.org-fhir-us-example-CodeSystem-be-marketingauthorization-cs-000001\"> </a><a href=\"CodeSystem-be-marketingauthorization-cs.html#be-marketingauthorization-cs-000001\">000001</a></td><td>Authorization</td></tr></table></div>"
      },
      "url" : "http://hl7.org/fhir/us/example/ValueSet/be-marketingauthorization-vs",
      "version" : "0.1.0",
      "name" : "BeMAVS",
      "title" : "Marketing Authorization Value Set",
      "status" : "active",
      "date" : "2022-01-28T08:56:12+00:00",
      "description" : "Indicates the Marketing Authorization for a product",
      "expansion" : {
        "identifier" : "urn:uuid:d92275fa-7351-43e4-abe1-0f967fa6af55",
        "timestamp" : "2022-01-28T08:56:49+00:00",
        "total" : 1,
        "parameter" : [{
          "name" : "excludeNested",
          "valueBoolean" : false
        },
        {
          "name" : "version",
          "valueUri" : "http://hl7.org/fhir/us/example/CodeSystem/be-marketingauthorization-cs|0.1.0"
        }],
        "contains" : [{
          "system" : "http://hl7.org/fhir/us/example/CodeSystem/be-marketingauthorization-cs",
          "code" : "000001",
          "display" : "Authorization"
        }]
      }
    }
  },
  {
    "fullUrl" : "http://hl7.org/fhir/us/example/ValueSet/medication-vs",
    "resource" : {
      "resourceType" : "ValueSet",
      "id" : "medication-vs",
      "text" : {
        "status" : "generated",
        "div" : "<div xmlns=\"http://www.w3.org/1999/xhtml\"><p>This value set contains 4 concepts</p><p style=\"border: black 1px dotted; background-color: #EEEEEE; padding: 8px; margin-bottom: 8px\">Expansion based on <a href=\"CodeSystem-beingredient-cs.html\">Ingredient Code System v0.1.0 (CodeSystem)</a></p><p>All codes in this table are from the system <a href=\"CodeSystem-beingredient-cs.html\"><code>http://hl7.org/fhir/us/example/CodeSystem/beingredient-cs</code></a></p><table class=\"codes\"><tr><td style=\"white-space:nowrap\"><b>Code</b></td><td><b>Display</b></td></tr><tr><td style=\"white-space:nowrap\"><a name=\"http---hl7.org-fhir-us-example-CodeSystem-beingredient-cs-000001\"> </a><a href=\"CodeSystem-beingredient-cs.html#beingredient-cs-000001\">000001</a></td><td>Paracetamol</td></tr><tr><td style=\"white-space:nowrap\"><a name=\"http---hl7.org-fhir-us-example-CodeSystem-beingredient-cs-000002\"> </a><a href=\"CodeSystem-beingredient-cs.html#beingredient-cs-000002\">000002</a></td><td>Insuline lispro</td></tr><tr><td style=\"white-space:nowrap\"><a name=\"http---hl7.org-fhir-us-example-CodeSystem-beingredient-cs-000003\"> </a><a href=\"CodeSystem-beingredient-cs.html#beingredient-cs-000003\">000003</a></td><td>Tramadol</td></tr><tr><td style=\"white-space:nowrap\"><a name=\"http---hl7.org-fhir-us-example-CodeSystem-beingredient-cs-000004\"> </a><a href=\"CodeSystem-beingredient-cs.html#beingredient-cs-000004\">000004</a></td><td>Rosuvastatin</td></tr></table></div>"
      },
      "url" : "http://hl7.org/fhir/us/example/ValueSet/medication-vs",
      "version" : "0.1.0",
      "name" : "BeMedicationVS",
      "title" : "Ingredient  Value Set",
      "status" : "active",
      "date" : "2022-01-28T08:56:12+00:00",
      "description" : "Indicates the ingredient inside a product",
      "expansion" : {
        "identifier" : "urn:uuid:977eb3f0-dcbd-4c20-bd38-2223fe2df2e1",
        "timestamp" : "2022-01-28T08:56:49+00:00",
        "total" : 4,
        "parameter" : [{
          "name" : "excludeNested",
          "valueBoolean" : false
        },
        {
          "name" : "version",
          "valueUri" : "http://hl7.org/fhir/us/example/CodeSystem/beingredient-cs|0.1.0"
        }],
        "contains" : [{
          "system" : "http://hl7.org/fhir/us/example/CodeSystem/beingredient-cs",
          "code" : "000001",
          "display" : "Paracetamol"
        },
        {
          "system" : "http://hl7.org/fhir/us/example/CodeSystem/beingredient-cs",
          "code" : "000002",
          "display" : "Insuline lispro"
        },
        {
          "system" : "http://hl7.org/fhir/us/example/CodeSystem/beingredient-cs",
          "code" : "000003",
          "display" : "Tramadol"
        },
        {
          "system" : "http://hl7.org/fhir/us/example/CodeSystem/beingredient-cs",
          "code" : "000004",
          "display" : "Rosuvastatin"
        }]
      }
    }
  },
  {
    "fullUrl" : "http://hl7.org/fhir/us/example/ValueSet/be-role-medication-vs",
    "resource" : {
      "resourceType" : "ValueSet",
      "id" : "be-role-medication-vs",
      "text" : {
        "status" : "generated",
        "div" : "<div xmlns=\"http://www.w3.org/1999/xhtml\"><p>This value set contains 3 concepts</p><p style=\"border: black 1px dotted; background-color: #EEEEEE; padding: 8px; margin-bottom: 8px\">Expansion based on <a href=\"CodeSystem-be-rolemed-cs.html\">Role Code System v0.1.0 (CodeSystem)</a></p><p>All codes in this table are from the system <a href=\"CodeSystem-be-rolemed-cs.html\"><code>http://hl7.org/fhir/us/example/CodeSystem/be-rolemed-cs</code></a></p><table class=\"codes\"><tr><td style=\"white-space:nowrap\"><b>Code</b></td><td><b>Display</b></td></tr><tr><td style=\"white-space:nowrap\"><a name=\"http---hl7.org-fhir-us-example-CodeSystem-be-rolemed-cs-AP\"> </a><a href=\"CodeSystem-be-rolemed-cs.html#be-rolemed-cs-AP\">AP</a></td><td>Active Principle</td></tr><tr><td style=\"white-space:nowrap\"><a name=\"http---hl7.org-fhir-us-example-CodeSystem-be-rolemed-cs-NAP\"> </a><a href=\"CodeSystem-be-rolemed-cs.html#be-rolemed-cs-NAP\">NAP</a></td><td>Non-Active</td></tr><tr><td style=\"white-space:nowrap\"><a name=\"http---hl7.org-fhir-us-example-CodeSystem-be-rolemed-cs-EXP\"> </a><a href=\"CodeSystem-be-rolemed-cs.html#be-rolemed-cs-EXP\">EXP</a></td><td>Excipient</td></tr></table></div>"
      },
      "url" : "http://hl7.org/fhir/us/example/ValueSet/be-role-medication-vs",
      "version" : "0.1.0",
      "name" : "BeRoleMedicationVS",
      "title" : "Ingredient role Value Set",
      "status" : "active",
      "date" : "2022-01-28T08:56:12+00:00",
      "description" : "Indicates the role that an ingredient takes into a product",
      "expansion" : {
        "identifier" : "urn:uuid:1576325f-8c95-45f8-b597-da7765de503b",
        "timestamp" : "2022-01-28T08:56:49+00:00",
        "total" : 3,
        "parameter" : [{
          "name" : "excludeNested",
          "valueBoolean" : false
        },
        {
          "name" : "version",
          "valueUri" : "http://hl7.org/fhir/us/example/CodeSystem/be-rolemed-cs|0.1.0"
        }],
        "contains" : [{
          "system" : "http://hl7.org/fhir/us/example/CodeSystem/be-rolemed-cs",
          "code" : "AP",
          "display" : "Active Principle"
        },
        {
          "system" : "http://hl7.org/fhir/us/example/CodeSystem/be-rolemed-cs",
          "code" : "NAP",
          "display" : "Non-Active"
        },
        {
          "system" : "http://hl7.org/fhir/us/example/CodeSystem/be-rolemed-cs",
          "code" : "EXP",
          "display" : "Excipient"
        }]
      }
    }
  },
  {
    "fullUrl" : "http://hl7.org/fhir/us/example/ValueSet/granularity-vs",
    "resource" : {
      "resourceType" : "ValueSet",
      "id" : "granularity-vs",
      "text" : {
        "status" : "generated",
        "div" : "<div xmlns=\"http://www.w3.org/1999/xhtml\"><p>This value set contains 4 concepts</p><p style=\"border: black 1px dotted; background-color: #EEEEEE; padding: 8px; margin-bottom: 8px\">Expansion based on <a href=\"CodeSystem-medics.html\">Drug Code System v0.1.0 (CodeSystem)</a></p><p>All codes in this table are from the system <a href=\"CodeSystem-medics.html\"><code>http://hl7.org/fhir/us/example/CodeSystem/mediCS</code></a></p><table class=\"codes\"><tr><td style=\"white-space:nowrap\"><b>Code</b></td><td><b>Display</b></td><td><b>Definition</b></td></tr><tr><td style=\"white-space:nowrap\"><a name=\"http---hl7.org-fhir-us-example-CodeSystem-mediCS-SUBST\"> </a><a href=\"CodeSystem-medics.html#medics-SUBST\">SUBST</a></td><td>Substance</td><td>Substance</td></tr><tr><td style=\"white-space:nowrap\"><a name=\"http---hl7.org-fhir-us-example-CodeSystem-mediCS-PHARMPROD\"> </a><a href=\"CodeSystem-medics.html#medics-PHARMPROD\">PHARMPROD</a></td><td>Pharmaceutical Product</td><td/></tr><tr><td style=\"white-space:nowrap\"><a name=\"http---hl7.org-fhir-us-example-CodeSystem-mediCS-MEDPROD\"> </a><a href=\"CodeSystem-medics.html#medics-MEDPROD\">MEDPROD</a></td><td>Medicinal Product</td><td/></tr><tr><td style=\"white-space:nowrap\"><a name=\"http---hl7.org-fhir-us-example-CodeSystem-mediCS-PACKMEDPROD\"> </a><a href=\"CodeSystem-medics.html#medics-PACKMEDPROD\">PACKMEDPROD</a></td><td>Packaged Medicinal Product</td><td/></tr></table></div>"
      },
      "url" : "http://hl7.org/fhir/us/example/ValueSet/granularity-vs",
      "version" : "0.1.0",
      "name" : "GranularityVS",
      "title" : "Granularity Value Set",
      "status" : "active",
      "date" : "2022-01-28T08:56:12+00:00",
      "description" : "Indicates the granularity of product",
      "expansion" : {
        "identifier" : "urn:uuid:b2433301-ebc8-45e1-b258-c8ca781006c0",
        "timestamp" : "2022-01-28T08:56:49+00:00",
        "total" : 4,
        "parameter" : [{
          "name" : "excludeNested",
          "valueBoolean" : false
        },
        {
          "name" : "version",
          "valueUri" : "http://hl7.org/fhir/us/example/CodeSystem/mediCS|0.1.0"
        }],
        "contains" : [{
          "system" : "http://hl7.org/fhir/us/example/CodeSystem/mediCS",
          "code" : "SUBST",
          "display" : "Substance"
        },
        {
          "system" : "http://hl7.org/fhir/us/example/CodeSystem/mediCS",
          "code" : "PHARMPROD",
          "display" : "Pharmaceutical Product"
        },
        {
          "system" : "http://hl7.org/fhir/us/example/CodeSystem/mediCS",
          "code" : "MEDPROD",
          "display" : "Medicinal Product"
        },
        {
          "system" : "http://hl7.org/fhir/us/example/CodeSystem/mediCS",
          "code" : "PACKMEDPROD",
          "display" : "Packaged Medicinal Product"
        }]
      }
    }
  }]
}