{
  "resourceType" : "Bundle",
  "id" : "cb503685-cf80-4de5-b93d-cc2087a9a593",
  "meta" : {
    "lastUpdated" : "2021-09-08T12:25:09.543+00:00"
  },
  "type" : "collection",
  "entry" : [{
    "fullUrl" : "http://hl7.org/fhir/us/example/ValueSet/granularity-vs",
    "resource" : {
      "resourceType" : "ValueSet",
      "id" : "granularity-vs",
      "text" : {
        "status" : "generated",
        "div" : "<div xmlns=\"http://www.w3.org/1999/xhtml\"><p>This value set contains 4 concepts</p><p style=\"border: black 1px dotted; background-color: #EEEEEE; padding: 8px; margin-bottom: 8px\">Expansion based on <a href=\"CodeSystem-drug-cs.html\">Drug Code System v0.1.0 (CodeSystem)</a></p><p>All codes in this table are from the system <a href=\"CodeSystem-drug-cs.html\"><code>http://terminology.hl7.org/CodeSystem/medicineCS</code></a></p><table class=\"codes\"><tr><td style=\"white-space:nowrap\"><b>Code</b></td><td><b>Display</b></td><td><b>Definition</b></td></tr><tr><td style=\"white-space:nowrap\"><a name=\"http---terminology.hl7.org-CodeSystem-medicineCS-SUBST\"> </a><a href=\"CodeSystem-drug-cs.html#drug-cs-SUBST\">SUBST</a></td><td>Substance</td><td>Substance</td></tr><tr><td style=\"white-space:nowrap\"><a name=\"http---terminology.hl7.org-CodeSystem-medicineCS-PHARMPROD\"> </a><a href=\"CodeSystem-drug-cs.html#drug-cs-PHARMPROD\">PHARMPROD</a></td><td>Pharmaceutical Product</td><td/></tr><tr><td style=\"white-space:nowrap\"><a name=\"http---terminology.hl7.org-CodeSystem-medicineCS-MEDPROD\"> </a><a href=\"CodeSystem-drug-cs.html#drug-cs-MEDPROD\">MEDPROD</a></td><td>Medicinal Product</td><td/></tr><tr><td style=\"white-space:nowrap\"><a name=\"http---terminology.hl7.org-CodeSystem-medicineCS-PACKMEDPROD\"> </a><a href=\"CodeSystem-drug-cs.html#drug-cs-PACKMEDPROD\">PACKMEDPROD</a></td><td>Packaged Medicinal Product</td><td/></tr></table></div>"
      },
      "url" : "http://hl7.org/fhir/us/example/ValueSet/granularity-vs",
      "version" : "0.1.0",
      "name" : "GranularityVS",
      "title" : "Granularity Value Set",
      "status" : "active",
      "date" : "2021-09-08T12:25:09+00:00",
      "description" : "Indicates the granularity of product",
      "expansion" : {
        "identifier" : "urn:uuid:4519e202-2b37-43e3-95d9-95dd09b83545",
        "timestamp" : "2021-09-08T12:25:28+00:00",
        "total" : 4,
        "parameter" : [{
          "name" : "excludeNested",
          "valueBoolean" : false
        },
        {
          "name" : "version",
          "valueUri" : "http://terminology.hl7.org/CodeSystem/medicineCS|0.1.0"
        }],
        "contains" : [{
          "system" : "http://terminology.hl7.org/CodeSystem/medicineCS",
          "code" : "SUBST",
          "display" : "Substance"
        },
        {
          "system" : "http://terminology.hl7.org/CodeSystem/medicineCS",
          "code" : "PHARMPROD",
          "display" : "Pharmaceutical Product"
        },
        {
          "system" : "http://terminology.hl7.org/CodeSystem/medicineCS",
          "code" : "MEDPROD",
          "display" : "Medicinal Product"
        },
        {
          "system" : "http://terminology.hl7.org/CodeSystem/medicineCS",
          "code" : "PACKMEDPROD",
          "display" : "Packaged Medicinal Product"
        }]
      }
    }
  }]
}