<?xml version="1.0" encoding="UTF-8"?>

<CodeSystem xmlns="http://hl7.org/fhir">
  <id value="medics"/>
  <text>
    <status value="generated"/><div xmlns="http://www.w3.org/1999/xhtml"><p>This code system http://hl7.org/fhir/us/example/CodeSystem/mediCS defines the following codes:</p><table class="codes"><tr><td style="white-space:nowrap"><b>Code</b></td><td><b>Display</b></td><td><b>Definition</b></td></tr><tr><td style="white-space:nowrap">SUBST<a name="medics-SUBST"> </a></td><td>Substance</td><td>Substance</td></tr><tr><td style="white-space:nowrap">PHARMPROD<a name="medics-PHARMPROD"> </a></td><td>pharmaceutical product</td><td/></tr><tr><td style="white-space:nowrap">MEDPROD<a name="medics-MEDPROD"> </a></td><td>Medicinal Product</td><td/></tr><tr><td style="white-space:nowrap">PACKMEDPROD<a name="medics-PACKMEDPROD"> </a></td><td>Packaged Medicinal Product</td><td/></tr></table></div>
  </text>
  <url value="http://hl7.org/fhir/us/example/CodeSystem/mediCS"/>
  <version value="0.1.0"/>
  <name value="MedicineCodeSystem"/>
  <title value="Drug Code System"/>
  <status value="active"/>
  <date value="2022-01-27T13:14:27+00:00"/>
  <description value="Codes for medicine level"/>
  <content value="complete"/>
  <count value="4"/>
  <concept>
    <code value="SUBST"/>
    <display value="Substance"/>
    <definition value="Substance"/>
  </concept>
  <concept>
    <code value="PHARMPROD"/>
    <display value="pharmaceutical product"/>
  </concept>
  <concept>
    <code value="MEDPROD"/>
    <display value="Medicinal Product"/>
  </concept>
  <concept>
    <code value="PACKMEDPROD"/>
    <display value="Packaged Medicinal Product"/>
  </concept>
</CodeSystem>