<?xml version="1.0" encoding="UTF-8"?>

<CodeSystem xmlns="http://hl7.org/fhir">
  <id value="beMedCS"/>
  <text>
    <status value="generated"/><div xmlns="http://www.w3.org/1999/xhtml"><p>This code system http://hl7.org/fhir/us/example/CodeSystem/beMedCS defines the following codes:</p><table class="codes"><tr><td style="white-space:nowrap"><b>Code</b></td><td><b>Display</b></td></tr><tr><td style="white-space:nowrap">VMPP<a name="beMedCS-VMPP"> </a></td><td>Virtual Medicinal Packaged Product</td></tr><tr><td style="white-space:nowrap">VMP<a name="beMedCS-VMP"> </a></td><td>Virtual Medicinal Product</td></tr><tr><td style="white-space:nowrap">VMPG<a name="beMedCS-VMPG"> </a></td><td>Virtual Medicinal Product Group</td></tr></table></div>
  </text>
  <url value="http://hl7.org/fhir/us/example/CodeSystem/beMedCS"/>
  <version value="0.1.0"/>
  <name value="BEMedicineCodeSystem"/>
  <title value="Drug Code System"/>
  <status value="active"/>
  <date value="2022-01-04T09:53:47+00:00"/>
  <description value="Codes for belgian medicine level "/>
  <content value="complete"/>
  <count value="3"/>
  <concept>
    <code value="VMPP"/>
    <display value="Virtual Medicinal Packaged Product"/>
  </concept>
  <concept>
    <code value="VMP"/>
    <display value="Virtual Medicinal Product"/>
  </concept>
  <concept>
    <code value="VMPG"/>
    <display value="Virtual Medicinal Product Group"/>
  </concept>
</CodeSystem>