<?xml version="1.0" encoding="UTF-8"?>

<CodeSystem xmlns="http://hl7.org/fhir">
  <id value="rel-med-cs"/>
  <text>
    <status value="generated"/><div xmlns="http://www.w3.org/1999/xhtml"><p>This code system http://terminology.hl7.org/CodeSystem/relMedCS defines the following codes:</p><table class="codes"><tr><td style="white-space:nowrap"><b>Code</b></td><td><b>Display</b></td><td><b>Definition</b></td></tr><tr><td style="white-space:nowrap">SUBOF<a name="rel-med-cs-SUBOF"> </a></td><td>Substance from</td><td>Substance from</td></tr><tr><td style="white-space:nowrap">MEDOF<a name="rel-med-cs-MEDOF"> </a></td><td>Is a Medicine of</td><td>Is a Medicine of</td></tr><tr><td style="white-space:nowrap">PACKOF<a name="rel-med-cs-PACKOF"> </a></td><td>Packaged Form of</td><td>Packaged Form of</td></tr><tr><td style="white-space:nowrap">PHARMOF<a name="rel-med-cs-PHARMOF"> </a></td><td>Is the Pharmaceutical product of</td><td>Is the Pharmaceutical product of</td></tr></table></div>
  </text>
  <url value="http://terminology.hl7.org/CodeSystem/relMedCS"/>
  <version value="0.1.0"/>
  <name value="RelatedMedicationKnowledgeCS"/>
  <status value="active"/>
  <date value="2021-08-27T09:59:30+00:00"/>
  <content value="complete"/>
  <count value="4"/>
  <concept>
    <code value="SUBOF"/>
    <display value="Substance from"/>
    <definition value="Substance from"/>
  </concept>
  <concept>
    <code value="MEDOF"/>
    <display value="Is a Medicine of"/>
    <definition value="Is a Medicine of"/>
  </concept>
  <concept>
    <code value="PACKOF"/>
    <display value="Packaged Form of"/>
    <definition value="Packaged Form of"/>
  </concept>
  <concept>
    <code value="PHARMOF"/>
    <display value="Is the Pharmaceutical product of"/>
    <definition value="Is the Pharmaceutical product of"/>
  </concept>
</CodeSystem>