<?xml version="1.0" encoding="UTF-8"?>

<CodeSystem xmlns="http://hl7.org/fhir">
  <id value="type-med-class-cs"/>
  <text>
    <status value="generated"/><div xmlns="http://www.w3.org/1999/xhtml"><p>This code system http://terminology.hl7.org/CodeSystem/medicineClassification defines the following codes:</p><table class="codes"><tr><td style="white-space:nowrap"><b>Code</b></td><td><b>Display</b></td></tr><tr><td style="white-space:nowrap">IND<a name="type-med-class-cs-IND"> </a></td><td>Indication</td></tr><tr><td style="white-space:nowrap">ASSOCCOND<a name="type-med-class-cs-ASSOCCOND"> </a></td><td>Associated Condition</td></tr><tr><td style="white-space:nowrap">MECHAACTION<a name="type-med-class-cs-MECHAACTION"> </a></td><td>Mechanism of Action</td></tr></table></div>
  </text>
  <url value="http://terminology.hl7.org/CodeSystem/medicineClassification"/>
  <version value="0.1.0"/>
  <name value="MedicineClassificationCS"/>
  <title value="Types of Medicine Classification Value Set"/>
  <status value="active"/>
  <date value="2022-01-28T10:40:14+00:00"/>
  <description value="Values for classificating medicines"/>
  <content value="complete"/>
  <count value="3"/>
  <concept>
    <code value="IND"/>
    <display value="Indication"/>
  </concept>
  <concept>
    <code value="ASSOCCOND"/>
    <display value="Associated Condition"/>
  </concept>
  <concept>
    <code value="MECHAACTION"/>
    <display value="Mechanism of Action"/>
  </concept>
</CodeSystem>