<?xml version="1.0" encoding="UTF-8"?>

<Bundle xmlns="http://hl7.org/fhir">
  <id value="c1e01ded-b83a-4d25-b69a-bc4135a1b39e"/>
  <meta>
    <lastUpdated value="2022-02-02T15:40:24.510+00:00"/>
  </meta>
  <type value="collection"/>
  <entry>
    <fullUrl value="http://hl7.org/fhir/us/example/ValueSet/be-granularity-vs"/>
    <resource>
      <ValueSet>
        <id value="be-granularity-vs"/>
        <text>
          <status value="generated"/>
          <div xmlns="http://www.w3.org/1999/xhtml">
            <p>This value set contains 5 concepts</p>
            <div style="border: black 1px dotted; background-color: #EEEEEE; padding: 8px; margin-bottom: 8px">
              <p>Expansion based on: </p>
              <ul>
                <li>
                  <a href="CodeSystem-medics.html">Drug Code System v0.1.0 (CodeSystem)</a>
                </li>
                <li>
                  <a href="CodeSystem-beMedCS.html">Drug Code System v0.1.0 (CodeSystem)</a>
                </li>
              </ul>
            </div>
            <table class="codes">
              <tr>
                <td style="white-space:nowrap">
                  <b>Code</b>
                </td>
                <td>
                  <b>System</b>
                </td>
                <td>
                  <b>Display</b>
                </td>
                <td>
                  <b>Definition</b>
                </td>
              </tr>
              <tr>
                <td style="white-space:nowrap">
                  <a name="http---hl7.org-fhir-us-example-CodeSystem-mediCS-SUBST"> </a>
                  <a href="CodeSystem-medics.html#medics-SUBST">SUBST</a>
                </td>
                <td>http://hl7.org/fhir/us/example/CodeSystem/mediCS</td>
                <td>Substance</td>
                <td>Substance</td>
              </tr>
              <tr>
                <td style="white-space:nowrap">
                  <a name="http---hl7.org-fhir-us-example-CodeSystem-mediCS-PHARMPROD"> </a>
                  <a href="CodeSystem-medics.html#medics-PHARMPROD">PHARMPROD</a>
                </td>
                <td>http://hl7.org/fhir/us/example/CodeSystem/mediCS</td>
                <td>Pharmaceutical Product</td>
                <td/>
              </tr>
              <tr>
                <td style="white-space:nowrap">
                  <a name="http---hl7.org-fhir-us-example-CodeSystem-mediCS-MEDPROD"> </a>
                  <a href="CodeSystem-medics.html#medics-MEDPROD">MEDPROD</a>
                </td>
                <td>http://hl7.org/fhir/us/example/CodeSystem/mediCS</td>
                <td>Medicinal Product</td>
                <td/>
              </tr>
              <tr>
                <td style="white-space:nowrap">
                  <a name="http---hl7.org-fhir-us-example-CodeSystem-mediCS-PACKMEDPROD"> </a>
                  <a href="CodeSystem-medics.html#medics-PACKMEDPROD">PACKMEDPROD</a>
                </td>
                <td>http://hl7.org/fhir/us/example/CodeSystem/mediCS</td>
                <td>Packaged Medicinal Product</td>
                <td/>
              </tr>
              <tr>
                <td style="white-space:nowrap">
                  <a name="http---hl7.org-fhir-us-example-CodeSystem-beMedCS-VMPG"> </a>
                  <a href="CodeSystem-beMedCS.html#beMedCS-VMPG">VMPG</a>
                </td>
                <td>http://hl7.org/fhir/us/example/CodeSystem/beMedCS</td>
                <td>VMP Group</td>
                <td/>
              </tr>
            </table>
          </div>
        </text>
        <url value="http://hl7.org/fhir/us/example/ValueSet/be-granularity-vs"/>
        <version value="0.1.0"/>
        <name value="BeGranularityVS"/>
        <title value="Be Granularity Value Set"/>
        <status value="active"/>
        <date value="2022-02-02T15:40:24+00:00"/>
        <description value="Indicates the granularity of product for belgium"/>
        <expansion>
          <identifier value="urn:uuid:4e69048a-1e01-4226-a829-b32fc26087cf"/>
          <timestamp value="2022-02-02T15:40:56+00:00"/>
          <total value="5"/>
          <parameter>
            <name value="excludeNested"/>
            <valueBoolean value="false"/>
          </parameter>
          <parameter>
            <name value="version"/>
            <valueUri value="http://hl7.org/fhir/us/example/CodeSystem/mediCS|0.1.0"/>
          </parameter>
          <parameter>
            <name value="version"/>
            <valueUri value="http://hl7.org/fhir/us/example/CodeSystem/beMedCS|0.1.0"/>
          </parameter>
          <contains>
            <system value="http://hl7.org/fhir/us/example/CodeSystem/mediCS"/>
            <code value="SUBST"/>
            <display value="Substance"/>
          </contains>
          <contains>
            <system value="http://hl7.org/fhir/us/example/CodeSystem/mediCS"/>
            <code value="PHARMPROD"/>
            <display value="Pharmaceutical Product"/>
          </contains>
          <contains>
            <system value="http://hl7.org/fhir/us/example/CodeSystem/mediCS"/>
            <code value="MEDPROD"/>
            <display value="Medicinal Product"/>
          </contains>
          <contains>
            <system value="http://hl7.org/fhir/us/example/CodeSystem/mediCS"/>
            <code value="PACKMEDPROD"/>
            <display value="Packaged Medicinal Product"/>
          </contains>
          <contains>
            <system value="http://hl7.org/fhir/us/example/CodeSystem/beMedCS"/>
            <code value="VMPG"/>
            <display value="VMP Group"/>
          </contains>
        </expansion>
      </ValueSet>
    </resource>
  </entry>
  <entry>
    <fullUrl value="http://hl7.org/fhir/us/example/ValueSet/be-marketingauthorization-holder-vs"/>
    <resource>
      <ValueSet>
        <id value="be-marketingauthorization-holder-vs"/>
        <text>
          <status value="generated"/>
          <div xmlns="http://www.w3.org/1999/xhtml">
            <p>This value set contains 1 concepts</p>
            <p style="border: black 1px dotted; background-color: #EEEEEE; padding: 8px; margin-bottom: 8px">Expansion based on 
              <a href="CodeSystem-be-marketingauthorization-holder-cs.html">Marketing Authorization Holder Code System v0.1.0 (CodeSystem)</a>
            </p>
            <p>All codes in this table are from the system 
              <a href="CodeSystem-be-marketingauthorization-holder-cs.html">
                <code>http://hl7.org/fhir/us/example/CodeSystem/be-marketingauthorization-holder-cs</code>
              </a>
            </p>
            <table class="codes">
              <tr>
                <td style="white-space:nowrap">
                  <b>Code</b>
                </td>
                <td>
                  <b>Display</b>
                </td>
              </tr>
              <tr>
                <td style="white-space:nowrap">
                  <a name="http---hl7.org-fhir-us-example-CodeSystem-be-marketingauthorization-holder-cs-000001"> </a>
                  <a href="CodeSystem-be-marketingauthorization-holder-cs.html#be-marketingauthorization-holder-cs-000001">000001</a>
                </td>
                <td>AstraZeneca</td>
              </tr>
            </table>
          </div>
        </text>
        <url value="http://hl7.org/fhir/us/example/ValueSet/be-marketingauthorization-holder-vs"/>
        <version value="0.1.0"/>
        <name value="BeMAHolderVS"/>
        <title value="Marketing Authorization Holder Value Set"/>
        <status value="active"/>
        <date value="2022-02-02T15:40:24+00:00"/>
        <description value="Indicates the Marketing Authorization Holder of a product"/>
        <expansion>
          <identifier value="urn:uuid:fe2088c1-b7d1-4bdb-8698-1e1207ba9477"/>
          <timestamp value="2022-02-02T15:40:56+00:00"/>
          <total value="1"/>
          <parameter>
            <name value="excludeNested"/>
            <valueBoolean value="false"/>
          </parameter>
          <parameter>
            <name value="version"/>
            <valueUri value="http://hl7.org/fhir/us/example/CodeSystem/be-marketingauthorization-holder-cs|0.1.0"/>
          </parameter>
          <contains>
            <system value="http://hl7.org/fhir/us/example/CodeSystem/be-marketingauthorization-holder-cs"/>
            <code value="000001"/>
            <display value="AstraZeneca"/>
          </contains>
        </expansion>
      </ValueSet>
    </resource>
  </entry>
  <entry>
    <fullUrl value="http://hl7.org/fhir/us/example/ValueSet/be-marketingauthorization-vs"/>
    <resource>
      <ValueSet>
        <id value="be-marketingauthorization-vs"/>
        <text>
          <status value="generated"/>
          <div xmlns="http://www.w3.org/1999/xhtml">
            <p>This value set contains 1 concepts</p>
            <p style="border: black 1px dotted; background-color: #EEEEEE; padding: 8px; margin-bottom: 8px">Expansion based on 
              <a href="CodeSystem-be-marketingauthorization-cs.html">Marketing Authorization Code System v0.1.0 (CodeSystem)</a>
            </p>
            <p>All codes in this table are from the system 
              <a href="CodeSystem-be-marketingauthorization-cs.html">
                <code>http://hl7.org/fhir/us/example/CodeSystem/be-marketingauthorization-cs</code>
              </a>
            </p>
            <table class="codes">
              <tr>
                <td style="white-space:nowrap">
                  <b>Code</b>
                </td>
                <td>
                  <b>Display</b>
                </td>
              </tr>
              <tr>
                <td style="white-space:nowrap">
                  <a name="http---hl7.org-fhir-us-example-CodeSystem-be-marketingauthorization-cs-000001"> </a>
                  <a href="CodeSystem-be-marketingauthorization-cs.html#be-marketingauthorization-cs-000001">000001</a>
                </td>
                <td>Authorization</td>
              </tr>
            </table>
          </div>
        </text>
        <url value="http://hl7.org/fhir/us/example/ValueSet/be-marketingauthorization-vs"/>
        <version value="0.1.0"/>
        <name value="BeMAVS"/>
        <title value="Marketing Authorization Value Set"/>
        <status value="active"/>
        <date value="2022-02-02T15:40:24+00:00"/>
        <description value="Indicates the Marketing Authorization for a product"/>
        <expansion>
          <identifier value="urn:uuid:837cd6ab-dae3-4edb-baaa-dc3d51b20a2a"/>
          <timestamp value="2022-02-02T15:40:57+00:00"/>
          <total value="1"/>
          <parameter>
            <name value="excludeNested"/>
            <valueBoolean value="false"/>
          </parameter>
          <parameter>
            <name value="version"/>
            <valueUri value="http://hl7.org/fhir/us/example/CodeSystem/be-marketingauthorization-cs|0.1.0"/>
          </parameter>
          <contains>
            <system value="http://hl7.org/fhir/us/example/CodeSystem/be-marketingauthorization-cs"/>
            <code value="000001"/>
            <display value="Authorization"/>
          </contains>
        </expansion>
      </ValueSet>
    </resource>
  </entry>
  <entry>
    <fullUrl value="http://hl7.org/fhir/us/example/ValueSet/medication-vs"/>
    <resource>
      <ValueSet>
        <id value="medication-vs"/>
        <text>
          <status value="generated"/>
          <div xmlns="http://www.w3.org/1999/xhtml">
            <p>This value set contains 4 concepts</p>
            <p style="border: black 1px dotted; background-color: #EEEEEE; padding: 8px; margin-bottom: 8px">Expansion based on 
              <a href="CodeSystem-beingredient-cs.html">Ingredient Code System v0.1.0 (CodeSystem)</a>
            </p>
            <p>All codes in this table are from the system 
              <a href="CodeSystem-beingredient-cs.html">
                <code>http://hl7.org/fhir/us/example/CodeSystem/beingredient-cs</code>
              </a>
            </p>
            <table class="codes">
              <tr>
                <td style="white-space:nowrap">
                  <b>Code</b>
                </td>
                <td>
                  <b>Display</b>
                </td>
              </tr>
              <tr>
                <td style="white-space:nowrap">
                  <a name="http---hl7.org-fhir-us-example-CodeSystem-beingredient-cs-000001"> </a>
                  <a href="CodeSystem-beingredient-cs.html#beingredient-cs-000001">000001</a>
                </td>
                <td>Paracetamol</td>
              </tr>
              <tr>
                <td style="white-space:nowrap">
                  <a name="http---hl7.org-fhir-us-example-CodeSystem-beingredient-cs-000002"> </a>
                  <a href="CodeSystem-beingredient-cs.html#beingredient-cs-000002">000002</a>
                </td>
                <td>Insuline lispro</td>
              </tr>
              <tr>
                <td style="white-space:nowrap">
                  <a name="http---hl7.org-fhir-us-example-CodeSystem-beingredient-cs-000003"> </a>
                  <a href="CodeSystem-beingredient-cs.html#beingredient-cs-000003">000003</a>
                </td>
                <td>Tramadol</td>
              </tr>
              <tr>
                <td style="white-space:nowrap">
                  <a name="http---hl7.org-fhir-us-example-CodeSystem-beingredient-cs-000004"> </a>
                  <a href="CodeSystem-beingredient-cs.html#beingredient-cs-000004">000004</a>
                </td>
                <td>Rosuvastatin</td>
              </tr>
            </table>
          </div>
        </text>
        <url value="http://hl7.org/fhir/us/example/ValueSet/medication-vs"/>
        <version value="0.1.0"/>
        <name value="BeMedicationVS"/>
        <title value="Ingredient  Value Set"/>
        <status value="active"/>
        <date value="2022-02-02T15:40:24+00:00"/>
        <description value="Indicates the ingredient inside a product"/>
        <expansion>
          <identifier value="urn:uuid:8b5aae78-d6d2-47f9-aece-5aa827dd1b29"/>
          <timestamp value="2022-02-02T15:40:57+00:00"/>
          <total value="4"/>
          <parameter>
            <name value="excludeNested"/>
            <valueBoolean value="false"/>
          </parameter>
          <parameter>
            <name value="version"/>
            <valueUri value="http://hl7.org/fhir/us/example/CodeSystem/beingredient-cs|0.1.0"/>
          </parameter>
          <contains>
            <system value="http://hl7.org/fhir/us/example/CodeSystem/beingredient-cs"/>
            <code value="000001"/>
            <display value="Paracetamol"/>
          </contains>
          <contains>
            <system value="http://hl7.org/fhir/us/example/CodeSystem/beingredient-cs"/>
            <code value="000002"/>
            <display value="Insuline lispro"/>
          </contains>
          <contains>
            <system value="http://hl7.org/fhir/us/example/CodeSystem/beingredient-cs"/>
            <code value="000003"/>
            <display value="Tramadol"/>
          </contains>
          <contains>
            <system value="http://hl7.org/fhir/us/example/CodeSystem/beingredient-cs"/>
            <code value="000004"/>
            <display value="Rosuvastatin"/>
          </contains>
        </expansion>
      </ValueSet>
    </resource>
  </entry>
  <entry>
    <fullUrl value="http://hl7.org/fhir/us/example/ValueSet/be-role-medication-vs"/>
    <resource>
      <ValueSet>
        <id value="be-role-medication-vs"/>
        <text>
          <status value="generated"/>
          <div xmlns="http://www.w3.org/1999/xhtml">
            <p>This value set contains 3 concepts</p>
            <p style="border: black 1px dotted; background-color: #EEEEEE; padding: 8px; margin-bottom: 8px">Expansion based on 
              <a href="CodeSystem-be-rolemed-cs.html">Role Code System v0.1.0 (CodeSystem)</a>
            </p>
            <p>All codes in this table are from the system 
              <a href="CodeSystem-be-rolemed-cs.html">
                <code>http://hl7.org/fhir/us/example/CodeSystem/be-rolemed-cs</code>
              </a>
            </p>
            <table class="codes">
              <tr>
                <td style="white-space:nowrap">
                  <b>Code</b>
                </td>
                <td>
                  <b>Display</b>
                </td>
              </tr>
              <tr>
                <td style="white-space:nowrap">
                  <a name="http---hl7.org-fhir-us-example-CodeSystem-be-rolemed-cs-AP"> </a>
                  <a href="CodeSystem-be-rolemed-cs.html#be-rolemed-cs-AP">AP</a>
                </td>
                <td>Active Principle</td>
              </tr>
              <tr>
                <td style="white-space:nowrap">
                  <a name="http---hl7.org-fhir-us-example-CodeSystem-be-rolemed-cs-NAP"> </a>
                  <a href="CodeSystem-be-rolemed-cs.html#be-rolemed-cs-NAP">NAP</a>
                </td>
                <td>Non-Active</td>
              </tr>
              <tr>
                <td style="white-space:nowrap">
                  <a name="http---hl7.org-fhir-us-example-CodeSystem-be-rolemed-cs-EXP"> </a>
                  <a href="CodeSystem-be-rolemed-cs.html#be-rolemed-cs-EXP">EXP</a>
                </td>
                <td>Excipient</td>
              </tr>
            </table>
          </div>
        </text>
        <url value="http://hl7.org/fhir/us/example/ValueSet/be-role-medication-vs"/>
        <version value="0.1.0"/>
        <name value="BeRoleMedicationVS"/>
        <title value="Ingredient role Value Set"/>
        <status value="active"/>
        <date value="2022-02-02T15:40:24+00:00"/>
        <description value="Indicates the role that an ingredient takes into a product"/>
        <expansion>
          <identifier value="urn:uuid:bc78db6c-4f3a-478d-a10f-6de3e6c71392"/>
          <timestamp value="2022-02-02T15:40:57+00:00"/>
          <total value="3"/>
          <parameter>
            <name value="excludeNested"/>
            <valueBoolean value="false"/>
          </parameter>
          <parameter>
            <name value="version"/>
            <valueUri value="http://hl7.org/fhir/us/example/CodeSystem/be-rolemed-cs|0.1.0"/>
          </parameter>
          <contains>
            <system value="http://hl7.org/fhir/us/example/CodeSystem/be-rolemed-cs"/>
            <code value="AP"/>
            <display value="Active Principle"/>
          </contains>
          <contains>
            <system value="http://hl7.org/fhir/us/example/CodeSystem/be-rolemed-cs"/>
            <code value="NAP"/>
            <display value="Non-Active"/>
          </contains>
          <contains>
            <system value="http://hl7.org/fhir/us/example/CodeSystem/be-rolemed-cs"/>
            <code value="EXP"/>
            <display value="Excipient"/>
          </contains>
        </expansion>
      </ValueSet>
    </resource>
  </entry>
  <entry>
    <fullUrl value="http://hl7.org/fhir/us/example/ValueSet/granularity-vs"/>
    <resource>
      <ValueSet>
        <id value="granularity-vs"/>
        <text>
          <status value="generated"/>
          <div xmlns="http://www.w3.org/1999/xhtml">
            <p>This value set contains 4 concepts</p>
            <p style="border: black 1px dotted; background-color: #EEEEEE; padding: 8px; margin-bottom: 8px">Expansion based on 
              <a href="CodeSystem-medics.html">Drug Code System v0.1.0 (CodeSystem)</a>
            </p>
            <p>All codes in this table are from the system 
              <a href="CodeSystem-medics.html">
                <code>http://hl7.org/fhir/us/example/CodeSystem/mediCS</code>
              </a>
            </p>
            <table class="codes">
              <tr>
                <td style="white-space:nowrap">
                  <b>Code</b>
                </td>
                <td>
                  <b>Display</b>
                </td>
                <td>
                  <b>Definition</b>
                </td>
              </tr>
              <tr>
                <td style="white-space:nowrap">
                  <a name="http---hl7.org-fhir-us-example-CodeSystem-mediCS-SUBST"> </a>
                  <a href="CodeSystem-medics.html#medics-SUBST">SUBST</a>
                </td>
                <td>Substance</td>
                <td>Substance</td>
              </tr>
              <tr>
                <td style="white-space:nowrap">
                  <a name="http---hl7.org-fhir-us-example-CodeSystem-mediCS-PHARMPROD"> </a>
                  <a href="CodeSystem-medics.html#medics-PHARMPROD">PHARMPROD</a>
                </td>
                <td>Pharmaceutical Product</td>
                <td/>
              </tr>
              <tr>
                <td style="white-space:nowrap">
                  <a name="http---hl7.org-fhir-us-example-CodeSystem-mediCS-MEDPROD"> </a>
                  <a href="CodeSystem-medics.html#medics-MEDPROD">MEDPROD</a>
                </td>
                <td>Medicinal Product</td>
                <td/>
              </tr>
              <tr>
                <td style="white-space:nowrap">
                  <a name="http---hl7.org-fhir-us-example-CodeSystem-mediCS-PACKMEDPROD"> </a>
                  <a href="CodeSystem-medics.html#medics-PACKMEDPROD">PACKMEDPROD</a>
                </td>
                <td>Packaged Medicinal Product</td>
                <td/>
              </tr>
            </table>
          </div>
        </text>
        <url value="http://hl7.org/fhir/us/example/ValueSet/granularity-vs"/>
        <version value="0.1.0"/>
        <name value="GranularityVS"/>
        <title value="Granularity Value Set"/>
        <status value="active"/>
        <date value="2022-02-02T15:40:24+00:00"/>
        <description value="Indicates the granularity of product"/>
        <expansion>
          <identifier value="urn:uuid:24d60af9-3842-4a50-bf60-8ab2f47606fb"/>
          <timestamp value="2022-02-02T15:40:57+00:00"/>
          <total value="4"/>
          <parameter>
            <name value="excludeNested"/>
            <valueBoolean value="false"/>
          </parameter>
          <parameter>
            <name value="version"/>
            <valueUri value="http://hl7.org/fhir/us/example/CodeSystem/mediCS|0.1.0"/>
          </parameter>
          <contains>
            <system value="http://hl7.org/fhir/us/example/CodeSystem/mediCS"/>
            <code value="SUBST"/>
            <display value="Substance"/>
          </contains>
          <contains>
            <system value="http://hl7.org/fhir/us/example/CodeSystem/mediCS"/>
            <code value="PHARMPROD"/>
            <display value="Pharmaceutical Product"/>
          </contains>
          <contains>
            <system value="http://hl7.org/fhir/us/example/CodeSystem/mediCS"/>
            <code value="MEDPROD"/>
            <display value="Medicinal Product"/>
          </contains>
          <contains>
            <system value="http://hl7.org/fhir/us/example/CodeSystem/mediCS"/>
            <code value="PACKMEDPROD"/>
            <display value="Packaged Medicinal Product"/>
          </contains>
        </expansion>
      </ValueSet>
    </resource>
  </entry>
</Bundle>