{
  "resourceType": "ImplementationGuide",
  "id": "medication.ig.example",
  "text": {
    "status": "extensions",
    "div": "<div xmlns=\"http://www.w3.org/1999/xhtml\"><h2>medicationIG</h2><p>The official URL for this implementation guide is: </p><pre>http://hl7.org/fhir/us/example/ImplementationGuide/medication.ig.example</pre></div>"
  },
  "url": "http://hl7.org/fhir/us/example/ImplementationGuide/medication.ig.example",
  "version": "0.1.0",
  "name": "medicationIG",
  "status": "draft",
  "date": "2021-08-05T10:46:57+00:00",
  "packageId": "medication.ig.example",
  "license": "CC0-1.0",
  "fhirVersion": [
    "4.6.0"
  ],
  "definition": {
    "resource": [
      {
        "extension": [
          {
            "url": "http://hl7.org/fhir/tools/StructureDefinition/resource-information",
            "valueString": "StructureDefinition:resource"
          }
        ],
        "reference": {
          "reference": "StructureDefinition/packagedMedicinalProduct"
        },
        "name": "packagedMedicinalProduct",
        "exampleBoolean": false
      },
      {
        "extension": [
          {
            "url": "http://hl7.org/fhir/tools/StructureDefinition/resource-information",
            "valueString": "StructureDefinition:resource"
          }
        ],
        "reference": {
          "reference": "StructureDefinition/substance"
        },
        "name": "substance",
        "exampleBoolean": false
      },
      {
        "extension": [
          {
            "url": "http://hl7.org/fhir/tools/StructureDefinition/resource-information",
            "valueString": "ValueSet"
          }
        ],
        "reference": {
          "reference": "ValueSet/granularity-vs"
        },
        "name": "Granularity Value Set",
        "description": "Indicates the granularity of product",
        "exampleBoolean": false
      },
      {
        "extension": [
          {
            "url": "http://hl7.org/fhir/tools/StructureDefinition/resource-information",
            "valueString": "CodeSystem"
          }
        ],
        "reference": {
          "reference": "CodeSystem/drug-char-cs"
        },
        "name": "Drug charachteristisc Code System",
        "description": "Codes for drugCharacteristic",
        "exampleBoolean": false
      },
      {
        "extension": [
          {
            "url": "http://hl7.org/fhir/tools/StructureDefinition/resource-information",
            "valueString": "CodeSystem"
          }
        ],
        "reference": {
          "reference": "CodeSystem/type-med-class-cs"
        },
        "name": "Types of Medicine Classification Value Set",
        "description": "Values for classificating medicines",
        "exampleBoolean": false
      },
      {
        "extension": [
          {
            "url": "http://hl7.org/fhir/tools/StructureDefinition/resource-information",
            "valueString": "CodeSystem"
          }
        ],
        "reference": {
          "reference": "CodeSystem/drug-cs"
        },
        "name": "Drug Code System",
        "description": "Codes for ",
        "exampleBoolean": false
      },
      {
        "extension": [
          {
            "url": "http://hl7.org/fhir/tools/StructureDefinition/resource-information",
            "valueString": "CodeSystem"
          }
        ],
        "reference": {
          "reference": "CodeSystem/rel-med-cs"
        },
        "name": "RelatedMedicationKnowledgeCS",
        "exampleBoolean": false
      },
      {
        "extension": [
          {
            "url": "http://hl7.org/fhir/tools/StructureDefinition/resource-information",
            "valueString": "MedicationKnowledge"
          }
        ],
        "reference": {
          "reference": "MedicationKnowledge/example-0-of-drug-med"
        },
        "name": "Example of drug with granularity 0",
        "description": "Example of a drug with granularity 0",
        "exampleCanonical": "http://hl7.org/fhir/us/example/StructureDefinition/substance"
      },
      {
        "extension": [
          {
            "url": "http://hl7.org/fhir/tools/StructureDefinition/resource-information",
            "valueString": "MedicationKnowledge"
          }
        ],
        "reference": {
          "reference": "MedicationKnowledge/example-1-of-drug-med"
        },
        "name": "Example of drug with granularity 1",
        "description": "Example of a drug with granularity 1",
        "exampleCanonical": "http://hl7.org/fhir/us/example/StructureDefinition/packagedMedicinalProduct"
      },
      {
        "extension": [
          {
            "url": "http://hl7.org/fhir/tools/StructureDefinition/resource-information",
            "valueString": "MedicationKnowledge"
          }
        ],
        "reference": {
          "reference": "MedicationKnowledge/example-2-of-drug-med"
        },
        "name": "Example of drug with granularity 2",
        "description": "Example of a drug with granularity 2",
        "exampleCanonical": "http://hl7.org/fhir/us/example/StructureDefinition/packagedMedicinalProduct"
      },
      {
        "extension": [
          {
            "url": "http://hl7.org/fhir/tools/StructureDefinition/resource-information",
            "valueString": "MedicationKnowledge"
          }
        ],
        "reference": {
          "reference": "MedicationKnowledge/example-3-of-drug-med"
        },
        "name": "Example of drug with granularity 3",
        "description": "Example of a drug with granularity 3",
        "exampleCanonical": "http://hl7.org/fhir/us/example/StructureDefinition/packagedMedicinalProduct"
      }
    ],
    "page": {
      "nameUrl": "toc.html",
      "title": "Table of Contents",
      "generation": "html",
      "page": [
        {
          "nameUrl": "index.html",
          "title": "Home",
          "generation": "markdown"
        }
      ]
    },
    "parameter": [
      {
        "code": "copyrightyear",
        "value": "2021+"
      },
      {
        "code": "releaselabel",
        "value": "ci-build"
      },
      {
        "code": "path-history",
        "value": "http://hl7.org/fhir/us/example/history.html"
      },
      {
        "code": "path-resource",
        "value": "input/capabilities"
      },
      {
        "code": "path-resource",
        "value": "input/examples"
      },
      {
        "code": "path-resource",
        "value": "input/extensions"
      },
      {
        "code": "path-resource",
        "value": "input/models"
      },
      {
        "code": "path-resource",
        "value": "input/operations"
      },
      {
        "code": "path-resource",
        "value": "input/profiles"
      },
      {
        "code": "path-resource",
        "value": "input/resources"
      },
      {
        "code": "path-resource",
        "value": "input/vocabulary"
      },
      {
        "code": "path-resource",
        "value": "input/maps"
      },
      {
        "code": "path-resource",
        "value": "input/testing"
      },
      {
        "code": "path-resource",
        "value": "input/history"
      },
      {
        "code": "path-resource",
        "value": "fsh-generated/resources"
      },
      {
        "code": "path-pages",
        "value": "template/config"
      },
      {
        "code": "path-pages",
        "value": "input/images"
      },
      {
        "code": "path-liquid",
        "value": "template/liquid"
      },
      {
        "code": "path-liquid",
        "value": "input/liquid"
      },
      {
        "code": "path-qa",
        "value": "temp/qa"
      },
      {
        "code": "path-temp",
        "value": "temp/pages"
      },
      {
        "code": "path-output",
        "value": "output"
      },
      {
        "code": "path-tx-cache",
        "value": "input-cache/txcache"
      },
      {
        "code": "path-suppressed-warnings",
        "value": "input/ignoreWarnings.txt"
      },
      {
        "code": "template-html",
        "value": "template-page.html"
      },
      {
        "code": "template-md",
        "value": "template-page-md.html"
      },
      {
        "code": "apply-contact",
        "value": "true"
      },
      {
        "code": "apply-context",
        "value": "true"
      },
      {
        "code": "apply-copyright",
        "value": "true"
      },
      {
        "code": "apply-jurisdiction",
        "value": "true"
      },
      {
        "code": "apply-license",
        "value": "true"
      },
      {
        "code": "apply-publisher",
        "value": "true"
      },
      {
        "code": "apply-version",
        "value": "true"
      },
      {
        "code": "active-tables",
        "value": "true"
      }
    ]
  }
}