<?xml version="1.0" encoding="UTF-8"?>

<MedicationKnowledge xmlns="http://hl7.org/fhir">
  <id value="example-0-of-drug-med"/>
  <meta>
    <profile value="http://hl7.org/fhir/us/example/StructureDefinition/Substance"/>
  </meta>
  <text>
    <status value="generated"/><div xmlns="http://www.w3.org/1999/xhtml"><p><b>Generated Narrative</b></p><p><b>code</b>: <span title="Codes: {https://go.drugbank.com/drugs/ DB00316}">Acetaminophen</span></p><p><b>status</b>: active</p><p><b>synonym</b>: Acetaminophen, paracetamol, 4-(Acetylamino)phenol</p><p><b>productType</b>: <span title="Codes: {http://hl7.org/fhir/us/example/CodeSystem/mediCS SUBST}">Substance</span></p><blockquote><p><b>drugCharacteristic</b></p><p><b>type</b>: <span title="Codes: {http://terminology.hl7.org/CodeSystem/productType DOM}">Domain of drug</span></p><p><b>value</b>: human</p></blockquote><blockquote><p><b>drugCharacteristic</b></p><p><b>type</b>: <span title="Codes: {http://terminology.hl7.org/CodeSystem/productType DT}">Drug Type</span></p><p><b>value</b>: small molecule</p></blockquote></div>
  </text>
  <code>
    <coding>
      <system value="https://go.drugbank.com/drugs/"/>
      <code value="DB00316"/>
      <display value="Acetaminophen"/>
    </coding>
  </code>
  <status value="active"/>
  <synonym value="Acetaminophen"/>
  <synonym value="paracetamol"/>
  <synonym value="4-(Acetylamino)phenol"/>
  <productType>
    <coding>
      <system value="http://hl7.org/fhir/us/example/CodeSystem/mediCS"/>
      <code value="SUBST"/>
    </coding>
  </productType>
  <drugCharacteristic>
    <type>
      <coding>
        <system value="http://terminology.hl7.org/CodeSystem/productType"/>
        <code value="DOM"/>
      </coding>
    </type>
    <valueString value="human"/>
  </drugCharacteristic>
  <drugCharacteristic>
    <type>
      <coding>
        <system value="http://terminology.hl7.org/CodeSystem/productType"/>
        <code value="DT"/>
      </coding>
    </type>
    <valueString value="small molecule"/>
  </drugCharacteristic>
</MedicationKnowledge>