{
  "resourceType": "CodeSystem",
  "id": "drug-cs",
  "text": {
    "status": "generated",
    "div": "<div xmlns=\"http://www.w3.org/1999/xhtml\"><p>This code system http://terminology.hl7.org/CodeSystem/medicineCS defines the following codes:</p><table class=\"codes\"><tr><td style=\"white-space:nowrap\"><b>Code</b></td><td><b>Display</b></td></tr><tr><td style=\"white-space:nowrap\">SUBST<a name=\"drug-cs-SUBST\"> </a></td><td>substance</td></tr><tr><td style=\"white-space:nowrap\">MEDPROD<a name=\"drug-cs-MEDPROD\"> </a></td><td>medicine Product</td></tr><tr><td style=\"white-space:nowrap\">MEDPACKPROD<a name=\"drug-cs-MEDPACKPROD\"> </a></td><td>pharmaceutical medicine product packaged</td></tr><tr><td style=\"white-space:nowrap\">PHARMPROD<a name=\"drug-cs-PHARMPROD\"> </a></td><td>pharmaceutical product</td></tr></table></div>"
  },
  "url": "http://terminology.hl7.org/CodeSystem/medicineCS",
  "version": "0.1.0",
  "name": "MedicineCodeSystem",
  "title": "Drug Code System",
  "status": "active",
  "date": "2021-08-24T08:33:20+00:00",
  "description": "Codes for ",
  "content": "complete",
  "count": 4,
  "concept": [
    {
      "code": "SUBST",
      "display": "substance"
    },
    {
      "code": "MEDPROD",
      "display": "medicine Product"
    },
    {
      "code": "MEDPACKPROD",
      "display": "pharmaceutical medicine product packaged"
    },
    {
      "code": "PHARMPROD",
      "display": "pharmaceutical product"
    }
  ]
}