{
  "resourceType": "MedicationKnowledge",
  "id": "be-substance",
  "meta": {
    "profile": [
      "http://hl7.org/fhir/us/example/StructureDefinition/Substance"
    ]
  },
  "text": {
    "status": "generated",
    "div": "<div xmlns=\"http://www.w3.org/1999/xhtml\"><p><b>Generated Narrative</b></p><div style=\"display: inline-block; background-color: #d9e0e7; padding: 6px; margin: 4px; border: 1px solid #8da1b4; border-radius: 5px; line-height: 60%\"><p style=\"margin-bottom: 0px\">Resource \"be-substance\" </p><p style=\"margin-bottom: 0px\">Profile: <a href=\"StructureDefinition-Substance.html\">Substance</a></p></div><p><b>code</b>: amlodipine <span style=\"background: LightGoldenRodYellow; margin: 4px; border: 1px solid khaki\"> (#x)</span></p><p><b>status</b>: active</p><p><b>productType</b>: Substance <span style=\"background: LightGoldenRodYellow; margin: 4px; border: 1px solid khaki\"> (<a href=\"CodeSystem-medics.html\">Drug Code System</a>#SUBST)</span></p><blockquote><p><b>drugCharacteristic</b></p><p><b>type</b>: Domain of drug <span style=\"background: LightGoldenRodYellow; margin: 4px; border: 1px solid khaki\"> (<a href=\"CodeSystem-drug-char-cs.html\">Drug charachteristisc Code System</a>#DOM)</span></p><p><b>value</b>: human</p></blockquote><blockquote><p><b>drugCharacteristic</b></p><p><b>type</b>: Drug Type <span style=\"background: LightGoldenRodYellow; margin: 4px; border: 1px solid khaki\"> (<a href=\"CodeSystem-drug-char-cs.html\">Drug charachteristisc Code System</a>#DT)</span></p><p><b>value</b>: small molecule</p></blockquote></div>"
  },
  "code": {
    "coding": [
      {
        "system": "https://be.codes.product/substance/",
        "code": "x",
        "display": "amlodipine"
      }
    ]
  },
  "status": "active",
  "productType": [
    {
      "coding": [
        {
          "system": "http://hl7.org/fhir/us/example/CodeSystem/mediCS",
          "code": "SUBST"
        }
      ]
    }
  ],
  "drugCharacteristic": [
    {
      "type": {
        "coding": [
          {
            "system": "http://terminology.hl7.org/CodeSystem/productType",
            "code": "DOM"
          }
        ]
      },
      "valueString": "human"
    },
    {
      "type": {
        "coding": [
          {
            "system": "http://terminology.hl7.org/CodeSystem/productType",
            "code": "DT"
          }
        ]
      },
      "valueString": "small molecule"
    }
  ]
}