<?xml version="1.0" encoding="UTF-8"?><CodeSystem xmlns="http://hl7.org/fhir"><id value="be-marketingauthorization-cs"/><text><status value="generated"/><div xmlns="http://www.w3.org/1999/xhtml"><p>This code system http://hl7.org/fhir/us/example/CodeSystem/be-marketingauthorization-cs defines the following codes:</p><table class="codes"><tr><td style="white-space:nowrap"><b>Code</b></td><td><b>Display</b></td></tr><tr><td style="white-space:nowrap">000001<a name="be-marketingauthorization-cs-000001"> </a></td><td>Authorization</td></tr></table></div></text><url value="http://hl7.org/fhir/us/example/CodeSystem/be-marketingauthorization-cs"/><version value="0.1.0"/><name value="BeMACS"/><title value="Marketing Authorization Code System"/><status value="active"/><date value="2022-01-28T08:56:12+00:00"/><description value="Codes for Marketing Authorization"/><content value="complete"/><count value="1"/><concept><code value="000001"/><display value="Authorization"/></concept></CodeSystem>