<?xml version="1.0" encoding="UTF-8"?><ImplementationGuide xmlns="http://hl7.org/fhir"><id value="medication.ig.example"/><text><status value="extensions"/><div xmlns="http://www.w3.org/1999/xhtml"><h2>medicationIG</h2><p>The official URL for this implementation guide is: </p><pre>http://hl7.org/fhir/us/example/ImplementationGuide/medication.ig.example</pre></div></text><url value="http://hl7.org/fhir/us/example/ImplementationGuide/medication.ig.example"/><version value="0.1.0"/><name value="medicationIG"/><status value="draft"/><date value="2021-10-08T09:56:27+00:00"/><packageId value="medication.ig.example"/><license value="CC0-1.0"/><fhirVersion value="4.0.1"/><definition><extension url="http://hl7.org/fhir/tools/StructureDefinition/ig-parameter"><extension url="code"><valueString value="copyrightyear"/></extension><extension url="value"><valueString value="2021+"/></extension></extension><extension url="http://hl7.org/fhir/tools/StructureDefinition/ig-parameter"><extension url="code"><valueString value="releaselabel"/></extension><extension url="value"><valueString value="ci-build"/></extension></extension><extension url="http://hl7.org/fhir/tools/StructureDefinition/ig-parameter"><extension url="code"><valueString value="path-history"/></extension><extension url="value"><valueString value="http://hl7.org/fhir/us/example/history.html"/></extension></extension><extension url="http://hl7.org/fhir/tools/StructureDefinition/ig-parameter"><extension url="code"><valueString value="path-liquid"/></extension><extension url="value"><valueString value="template/liquid"/></extension></extension><extension url="http://hl7.org/fhir/tools/StructureDefinition/ig-parameter"><extension url="code"><valueString value="path-liquid"/></extension><extension url="value"><valueString value="input/liquid"/></extension></extension><extension url="http://hl7.org/fhir/tools/StructureDefinition/ig-parameter"><extension url="code"><valueString value="path-qa"/></extension><extension url="value"><valueString value="temp/qa"/></extension></extension><extension url="http://hl7.org/fhir/tools/StructureDefinition/ig-parameter"><extension url="code"><valueString value="path-temp"/></extension><extension url="value"><valueString value="temp/pages"/></extension></extension><extension url="http://hl7.org/fhir/tools/StructureDefinition/ig-parameter"><extension url="code"><valueString value="path-output"/></extension><extension url="value"><valueString value="output"/></extension></extension><extension url="http://hl7.org/fhir/tools/StructureDefinition/ig-parameter"><extension url="code"><valueString value="path-suppressed-warnings"/></extension><extension url="value"><valueString value="input/ignoreWarnings.txt"/></extension></extension><extension url="http://hl7.org/fhir/tools/StructureDefinition/ig-parameter"><extension url="code"><valueString value="template-html"/></extension><extension url="value"><valueString value="template-page.html"/></extension></extension><extension url="http://hl7.org/fhir/tools/StructureDefinition/ig-parameter"><extension url="code"><valueString value="template-md"/></extension><extension url="value"><valueString value="template-page-md.html"/></extension></extension><extension url="http://hl7.org/fhir/tools/StructureDefinition/ig-parameter"><extension url="code"><valueString value="apply-contact"/></extension><extension url="value"><valueString value="true"/></extension></extension><extension url="http://hl7.org/fhir/tools/StructureDefinition/ig-parameter"><extension url="code"><valueString value="apply-context"/></extension><extension url="value"><valueString value="true"/></extension></extension><extension url="http://hl7.org/fhir/tools/StructureDefinition/ig-parameter"><extension url="code"><valueString value="apply-copyright"/></extension><extension url="value"><valueString value="true"/></extension></extension><extension url="http://hl7.org/fhir/tools/StructureDefinition/ig-parameter"><extension url="code"><valueString value="apply-jurisdiction"/></extension><extension url="value"><valueString value="true"/></extension></extension><extension url="http://hl7.org/fhir/tools/StructureDefinition/ig-parameter"><extension url="code"><valueString value="apply-license"/></extension><extension url="value"><valueString value="true"/></extension></extension><extension url="http://hl7.org/fhir/tools/StructureDefinition/ig-parameter"><extension url="code"><valueString value="apply-publisher"/></extension><extension url="value"><valueString value="true"/></extension></extension><extension url="http://hl7.org/fhir/tools/StructureDefinition/ig-parameter"><extension url="code"><valueString value="apply-version"/></extension><extension url="value"><valueString value="true"/></extension></extension><extension url="http://hl7.org/fhir/tools/StructureDefinition/ig-parameter"><extension url="code"><valueString value="active-tables"/></extension><extension url="value"><valueString value="true"/></extension></extension><grouping id="-str-logicalmodel"><name value="Structures: Logical Models"/><description value="These define data models that represent the domain covered by this implementation guide in more business-friendly terms than the underlying FHIR resources."/></grouping><grouping id="-str-profile"><name value="Structures: Resource Profiles"/><description value="These define constraints on FHIR resources for systems conforming to this implementation guide"/></grouping><grouping id="-term-valueset"><name value="Terminology: Value Sets"/><description value="These define sets of codes used by systems conforming to this implementation guide"/></grouping><grouping id="-term-codesystem"><name value="Terminology: Code Systems"/><description value="These define new code systems used by systems conforming to this implementation guide"/></grouping><grouping id="-ex-example"><name value="Example: Example Instances"/><description value="These are example instances that show what data produced and consumed by systems conforming with this implementation guide might look like"/></grouping><resource><extension url="http://hl7.org/fhir/StructureDefinition/implementationguide-page"><valueUri value="StructureDefinition-BeVmpGroup.html"/></extension><reference><reference value="StructureDefinition/BeVmpGroup"/></reference><name value="BeVmpGroup"/><exampleBoolean value="false"/><groupingId value="-str-profile"/></resource><resource><extension url="http://hl7.org/fhir/StructureDefinition/implementationguide-page"><valueUri value="StructureDefinition-MedicinalProduct.html"/></extension><reference><reference value="StructureDefinition/MedicinalProduct"/></reference><name value="MedicinalProduct"/><exampleBoolean value="false"/><groupingId value="-str-profile"/></resource><resource><extension url="http://hl7.org/fhir/StructureDefinition/implementationguide-page"><valueUri value="StructureDefinition-PackagedMedicinalProduct.html"/></extension><reference><reference value="StructureDefinition/PackagedMedicinalProduct"/></reference><name value="PackagedMedicinalProduct"/><exampleBoolean value="false"/><groupingId value="-str-profile"/></resource><resource><extension url="http://hl7.org/fhir/StructureDefinition/implementationguide-page"><valueUri value="StructureDefinition-PharmaceuticalProduct.html"/></extension><reference><reference value="StructureDefinition/PharmaceuticalProduct"/></reference><name value="PharmaceuticalProduct"/><exampleBoolean value="false"/><groupingId value="-str-profile"/></resource><resource><extension url="http://hl7.org/fhir/StructureDefinition/implementationguide-page"><valueUri value="StructureDefinition-Substance.html"/></extension><reference><reference value="StructureDefinition/Substance"/></reference><name value="Substance"/><exampleBoolean value="false"/><groupingId value="-str-profile"/></resource><resource><extension url="http://hl7.org/fhir/StructureDefinition/implementationguide-page"><valueUri value="StructureDefinition-VMP.html"/></extension><reference><reference value="StructureDefinition/VMP"/></reference><name value="VMP"/><exampleBoolean value="false"/><groupingId value="-str-profile"/></resource><resource><extension url="http://hl7.org/fhir/StructureDefinition/implementationguide-page"><valueUri value="StructureDefinition-VirtualPackagedPharmaceuticalProduct.html"/></extension><reference><reference value="StructureDefinition/VirtualPackagedPharmaceuticalProduct"/></reference><name value="VirtualPackagedPharmaceuticalProduct"/><exampleBoolean value="false"/><groupingId value="-str-profile"/></resource><resource><extension url="http://hl7.org/fhir/StructureDefinition/implementationguide-page"><valueUri value="StructureDefinition-PharmaceuticalProdut.html"/></extension><reference><reference value="StructureDefinition/PharmaceuticalProdut"/></reference><name value="Pharmaceutical Product logical model"/><description value="Pharmaceutical Product logical model"/><exampleBoolean value="false"/><groupingId value="-str-logicalmodel"/></resource><resource><extension url="http://hl7.org/fhir/StructureDefinition/implementationguide-page"><valueUri value="StructureDefinition-SubstanceModel.html"/></extension><reference><reference value="StructureDefinition/SubstanceModel"/></reference><name value="Substance logical model"/><description value="Substance logical model"/><exampleBoolean value="false"/><groupingId value="-str-logicalmodel"/></resource><resource><extension url="http://hl7.org/fhir/StructureDefinition/implementationguide-page"><valueUri value="StructureDefinition-VirtualPackagePharmaceuticalProduct.html"/></extension><reference><reference value="StructureDefinition/VirtualPackagePharmaceuticalProduct"/></reference><name value="VMPP logical model"/><description value="VMPP logical model."/><exampleBoolean value="false"/><groupingId value="-str-logicalmodel"/></resource><resource><extension url="http://hl7.org/fhir/StructureDefinition/implementationguide-page"><valueUri value="ValueSet-be-granularity-vs.html"/></extension><reference><reference value="ValueSet/be-granularity-vs"/></reference><name value="Be Granularity Value Set"/><description value="Indicates the granularity of product"/><exampleBoolean value="false"/><groupingId value="-term-valueset"/></resource><resource><extension url="http://hl7.org/fhir/StructureDefinition/implementationguide-page"><valueUri value="ValueSet-granularity-vs.html"/></extension><reference><reference value="ValueSet/granularity-vs"/></reference><name value="Granularity Value Set"/><description value="Indicates the granularity of product"/><exampleBoolean value="false"/><groupingId value="-term-valueset"/></resource><resource><extension url="http://hl7.org/fhir/StructureDefinition/implementationguide-page"><valueUri value="CodeSystem-beMedCS.html"/></extension><reference><reference value="CodeSystem/beMedCS"/></reference><name value="Drug Code System"/><description value="Codes for belgian medicine level "/><exampleBoolean value="false"/><groupingId value="-term-codesystem"/></resource><resource><extension url="http://hl7.org/fhir/StructureDefinition/implementationguide-page"><valueUri value="CodeSystem-drug-char-cs.html"/></extension><reference><reference value="CodeSystem/drug-char-cs"/></reference><name value="Drug charachteristisc Code System"/><description value="Codes for drugCharacteristic"/><exampleBoolean value="false"/><groupingId value="-term-codesystem"/></resource><resource><extension url="http://hl7.org/fhir/StructureDefinition/implementationguide-page"><valueUri value="CodeSystem-type-med-class-cs.html"/></extension><reference><reference value="CodeSystem/type-med-class-cs"/></reference><name value="Types of Medicine Classification Value Set"/><description value="Values for classificating medicines"/><exampleBoolean value="false"/><groupingId value="-term-codesystem"/></resource><resource><extension url="http://hl7.org/fhir/StructureDefinition/implementationguide-page"><valueUri value="CodeSystem-medics.html"/></extension><reference><reference value="CodeSystem/medics"/></reference><name value="Drug Code System"/><description value="Codes for medicine level"/><exampleBoolean value="false"/><groupingId value="-term-codesystem"/></resource><resource><extension url="http://hl7.org/fhir/StructureDefinition/implementationguide-page"><valueUri value="CodeSystem-rel-med-cs.html"/></extension><reference><reference value="CodeSystem/rel-med-cs"/></reference><name value="RelatedMedicationKnowledgeCS"/><exampleBoolean value="false"/><groupingId value="-term-codesystem"/></resource><resource><extension url="http://hl7.org/fhir/StructureDefinition/implementationguide-page"><valueUri value="MedicationKnowledge-be-substance.html"/></extension><reference><reference value="MedicationKnowledge/be-substance"/></reference><name value="Example of a substance for be market"/><description value="Example of a substance for be market"/><exampleCanonical value="http://hl7.org/fhir/us/example/StructureDefinition/Substance"/><groupingId value="-ex-example"/></resource><resource><extension url="http://hl7.org/fhir/StructureDefinition/implementationguide-page"><valueUri value="MedicationKnowledge-be-vmpgroup.html"/></extension><reference><reference value="MedicationKnowledge/be-vmpgroup"/></reference><name value="Example of VMP group"/><description value="Example of a VMP group"/><exampleCanonical value="http://hl7.org/fhir/us/example/StructureDefinition/BeVmpGroup"/><groupingId value="-ex-example"/></resource><resource><extension url="http://hl7.org/fhir/StructureDefinition/implementationguide-page"><valueUri value="MedicationKnowledge-example-0-of-drug-med.html"/></extension><reference><reference value="MedicationKnowledge/example-0-of-drug-med"/></reference><name value="Example of drug with granularity 0"/><description value="Example of a drug with granularity 0"/><exampleCanonical value="http://hl7.org/fhir/us/example/StructureDefinition/Substance"/><groupingId value="-ex-example"/></resource><resource><extension url="http://hl7.org/fhir/StructureDefinition/implementationguide-page"><valueUri value="MedicationKnowledge-example-1-of-drug-med.html"/></extension><reference><reference value="MedicationKnowledge/example-1-of-drug-med"/></reference><name value="Example of drug with granularity 1"/><description value="Example of a drug with granularity 1"/><exampleCanonical value="http://hl7.org/fhir/us/example/StructureDefinition/PharmaceuticalProduct"/><groupingId value="-ex-example"/></resource><resource><extension url="http://hl7.org/fhir/StructureDefinition/implementationguide-page"><valueUri value="MedicationKnowledge-example-2-of-drug-med.html"/></extension><reference><reference value="MedicationKnowledge/example-2-of-drug-med"/></reference><name value="Example of drug with granularity 2"/><description value="Example of a drug with granularity 2"/><exampleCanonical value="http://hl7.org/fhir/us/example/StructureDefinition/MedicinalProduct"/><groupingId value="-ex-example"/></resource><resource><extension url="http://hl7.org/fhir/StructureDefinition/implementationguide-page"><valueUri value="MedicationKnowledge-example-3-of-drug-med.html"/></extension><reference><reference value="MedicationKnowledge/example-3-of-drug-med"/></reference><name value="Example of drug with granularity 3"/><description value="Example of a drug with granularity 3"/><exampleCanonical value="http://hl7.org/fhir/us/example/StructureDefinition/PackagedMedicinalProduct"/><groupingId value="-ex-example"/></resource><resource><extension url="http://hl7.org/fhir/StructureDefinition/implementationguide-page"><valueUri value="MedicationKnowledge-vmp-1.html"/></extension><reference><reference value="MedicationKnowledge/vmp-1"/></reference><name value="Example of VMP"/><description value="Example of a VMP"/><exampleCanonical value="http://hl7.org/fhir/us/example/StructureDefinition/VMP"/><groupingId value="-ex-example"/></resource><page><nameUrl value="toc.html"/><title value="Table of Contents"/><generation value="html"/><page><nameUrl value="index.html"/><title value="Home"/><generation value="markdown"/></page><page><nameUrl value="download.html"/><title value="Download"/><generation value="html"/></page><page><nameUrl value="artifacts.html"/><title value="Artifacts Summary"/><generation value="html"/><page><nameUrl value="StructureDefinition-PharmaceuticalProdut.html"/><title value="Pharmaceutical Product logical model"/><generation value="generated"/></page><page><nameUrl value="StructureDefinition-SubstanceModel.html"/><title value="Substance logical model"/><generation value="generated"/></page><page><nameUrl value="StructureDefinition-VirtualPackagePharmaceuticalProduct.html"/><title value="VMPP logical model"/><generation value="generated"/></page><page><nameUrl value="StructureDefinition-BeVmpGroup.html"/><title value="BeVmpGroup"/><generation value="generated"/></page><page><nameUrl value="StructureDefinition-MedicinalProduct.html"/><title value="MedicinalProduct"/><generation value="generated"/></page><page><nameUrl value="StructureDefinition-PackagedMedicinalProduct.html"/><title value="PackagedMedicinalProduct"/><generation value="generated"/></page><page><nameUrl value="StructureDefinition-PharmaceuticalProduct.html"/><title value="PharmaceuticalProduct"/><generation value="generated"/></page><page><nameUrl value="StructureDefinition-Substance.html"/><title value="Substance"/><generation value="generated"/></page><page><nameUrl value="StructureDefinition-VMP.html"/><title value="VMP"/><generation value="generated"/></page><page><nameUrl value="StructureDefinition-VirtualPackagedPharmaceuticalProduct.html"/><title value="VirtualPackagedPharmaceuticalProduct"/><generation value="generated"/></page><page><nameUrl value="ValueSet-be-granularity-vs.html"/><title value="Be Granularity Value Set"/><generation value="generated"/></page><page><nameUrl value="ValueSet-granularity-vs.html"/><title value="Granularity Value Set"/><generation value="generated"/></page><page><nameUrl value="CodeSystem-beMedCS.html"/><title value="Drug Code System"/><generation value="generated"/></page><page><nameUrl value="CodeSystem-drug-char-cs.html"/><title value="Drug charachteristisc Code System"/><generation value="generated"/></page><page><nameUrl value="CodeSystem-type-med-class-cs.html"/><title value="Types of Medicine Classification Value Set"/><generation value="generated"/></page><page><nameUrl value="CodeSystem-medics.html"/><title value="Drug Code System"/><generation value="generated"/></page><page><nameUrl value="CodeSystem-rel-med-cs.html"/><title value="RelatedMedicationKnowledgeCS"/><generation value="generated"/></page><page><nameUrl value="MedicationKnowledge-be-substance.html"/><title value="Example of a substance for be market"/><generation value="generated"/></page><page><nameUrl value="MedicationKnowledge-be-vmpgroup.html"/><title value="Example of VMP group"/><generation value="generated"/></page><page><nameUrl value="MedicationKnowledge-example-0-of-drug-med.html"/><title value="Example of drug with granularity 0"/><generation value="generated"/></page><page><nameUrl value="MedicationKnowledge-example-1-of-drug-med.html"/><title value="Example of drug with granularity 1"/><generation value="generated"/></page><page><nameUrl value="MedicationKnowledge-example-2-of-drug-med.html"/><title value="Example of drug with granularity 2"/><generation value="generated"/></page><page><nameUrl value="MedicationKnowledge-example-3-of-drug-med.html"/><title value="Example of drug with granularity 3"/><generation value="generated"/></page><page><nameUrl value="MedicationKnowledge-vmp-1.html"/><title value="Example of VMP"/><generation value="generated"/></page></page></page><parameter><code value="path-resource"/><value value="input/capabilities"/></parameter><parameter><code value="path-resource"/><value value="input/examples"/></parameter><parameter><code value="path-resource"/><value value="input/extensions"/></parameter><parameter><code value="path-resource"/><value value="input/models"/></parameter><parameter><code value="path-resource"/><value value="input/operations"/></parameter><parameter><code value="path-resource"/><value value="input/profiles"/></parameter><parameter><code value="path-resource"/><value value="input/resources"/></parameter><parameter><code value="path-resource"/><value value="input/vocabulary"/></parameter><parameter><code value="path-resource"/><value value="input/maps"/></parameter><parameter><code value="path-resource"/><value value="input/testing"/></parameter><parameter><code value="path-resource"/><value value="input/history"/></parameter><parameter><code value="path-resource"/><value value="fsh-generated/resources"/></parameter><parameter><code value="path-pages"/><value value="template/config"/></parameter><parameter><code value="path-pages"/><value value="input/images"/></parameter><parameter><code value="path-tx-cache"/><value value="input-cache/txcache"/></parameter></definition></ImplementationGuide>