<?xml version="1.0" encoding="UTF-8"?><ValueSet xmlns="http://hl7.org/fhir"><id value="granularity-vs"/><text><status value="extensions"/><div xmlns="http://www.w3.org/1999/xhtml"><ul><li>Include these codes as defined in <a href="CodeSystem-medics.html"><code>http://hl7.org/fhir/us/example/CodeSystem/mediCS</code></a><table class="none"><tr><td style="white-space:nowrap"><b>Code</b></td><td><b>Display</b></td><td><b>Definition</b></td></tr><tr><td><a href="CodeSystem-medics.html#medics-SUBST">SUBST</a></td><td>Substance</td><td>Substance</td></tr><tr><td><a href="CodeSystem-medics.html#medics-PHARMPROD">PHARMPROD</a></td><td>Pharmaceutical Product</td><td/></tr><tr><td><a href="CodeSystem-medics.html#medics-MEDPROD">MEDPROD</a></td><td>Medicinal Product</td><td/></tr><tr><td><a href="CodeSystem-medics.html#medics-PACKMEDPROD">PACKMEDPROD</a></td><td>Packaged Medicinal Product</td><td/></tr></table></li></ul></div></text><url value="http://hl7.org/fhir/us/example/ValueSet/granularity-vs"/><version value="0.1.0"/><name value="GranularityVS"/><title value="Granularity Value Set"/><status value="active"/><date value="2022-01-27T14:37:11+00:00"/><description value="Indicates the granularity of product"/><compose><include><system value="http://hl7.org/fhir/us/example/CodeSystem/mediCS"/><concept><code value="SUBST"/><display value="Substance"/></concept><concept><code value="PHARMPROD"/><display value="Pharmaceutical Product"/></concept><concept><code value="MEDPROD"/><display value="Medicinal Product"/></concept><concept><code value="PACKMEDPROD"/><display value="Packaged Medicinal Product"/></concept></include></compose></ValueSet>