<?xml version="1.0" encoding="UTF-8"?><ValueSet xmlns="http://hl7.org/fhir"><id value="be-marketingauthorization-holder-vs"/><text><status value="generated"/><div xmlns="http://www.w3.org/1999/xhtml"><ul><li>Include all codes defined in <a href="CodeSystem-be-marketingauthorization-holder-cs.html"><code>http://hl7.org/fhir/us/example/CodeSystem/be-marketingauthorization-holder-cs</code></a></li></ul></div></text><url value="http://hl7.org/fhir/us/example/ValueSet/be-marketingauthorization-holder-vs"/><version value="0.1.0"/><name value="BeMAHolderVS"/><title value="Marketing Authorization Holder Value Set"/><status value="active"/><date value="2022-01-27T17:42:33+00:00"/><description value="Indicates the Marketing Authorization Holder of a product"/><compose><include><system value="http://hl7.org/fhir/us/example/CodeSystem/be-marketingauthorization-holder-cs"/></include></compose></ValueSet>