<?xml version="1.0" encoding="UTF-8"?><ValueSet xmlns="http://hl7.org/fhir"><id value="medication-vs"/><text><status value="generated"/><div xmlns="http://www.w3.org/1999/xhtml"><ul><li>Include all codes defined in <a href="CodeSystem-beingredient-cs.html"><code>http://hl7.org/fhir/us/example/CodeSystem/beingredient-cs</code></a></li></ul></div></text><url value="http://hl7.org/fhir/us/example/ValueSet/medication-vs"/><version value="0.1.0"/><name value="beMedicationVS"/><title value="Ingredient  Value Set"/><status value="active"/><date value="2022-01-27T14:26:36+00:00"/><description value="Indicates the ingredient inside a product"/><compose><include><system value="http://hl7.org/fhir/us/example/CodeSystem/beingredient-cs"/></include></compose></ValueSet>