<?xml version="1.0" encoding="UTF-8"?><CodeSystem xmlns="http://hl7.org/fhir"><id value="rel-med-cs"/><text><status value="generated"/><div xmlns="http://www.w3.org/1999/xhtml"><p>This code system http://terminology.hl7.org/CodeSystem/relMedCS defines the following codes:</p><table class="codes"><tr><td style="white-space:nowrap"><b>Code</b></td><td><b>Display</b></td><td><b>Definition</b></td></tr><tr><td style="white-space:nowrap">SUBOF<a name="rel-med-cs-SUBOF"> </a></td><td>Substance from</td><td>Substance from</td></tr><tr><td style="white-space:nowrap">MEDOF<a name="rel-med-cs-MEDOF"> </a></td><td>Is a Medicine of</td><td>Is a Medicine of</td></tr><tr><td style="white-space:nowrap">PACKOF<a name="rel-med-cs-PACKOF"> </a></td><td>Is a Packaged Form of</td><td>Is a Packaged Form of</td></tr><tr><td style="white-space:nowrap">PHARMOF<a name="rel-med-cs-PHARMOF"> </a></td><td>Is a Pharmaceutical product of</td><td>Is a Pharmaceutical product of</td></tr><tr><td style="white-space:nowrap">VIRTUALPACKOF<a name="rel-med-cs-VIRTUALPACKOF"> </a></td><td>Is a Virtual Package Form of</td><td>Is a Virtual Package Form of</td></tr><tr><td style="white-space:nowrap">VPHARMOF<a name="rel-med-cs-VPHARMOF"> </a></td><td>Is a Virtual Package Form of</td><td>Is a Virtual Package Form of</td></tr><tr><td style="white-space:nowrap">HASG<a name="rel-med-cs-HASG"> </a></td><td>Is a from a virtual pharmaceutical product group</td><td>Is a from a virtual pharmaceutical product group</td></tr></table></div></text><url value="http://terminology.hl7.org/CodeSystem/relMedCS"/><version value="0.1.0"/><name value="RelatedMedicationKnowledgeCS"/><status value="active"/><date value="2022-01-28T10:49:11+00:00"/><content value="complete"/><count value="7"/><concept><code value="SUBOF"/><display value="Substance from"/><definition value="Substance from"/></concept><concept><code value="MEDOF"/><display value="Is a Medicine of"/><definition value="Is a Medicine of"/></concept><concept><code value="PACKOF"/><display value="Is a Packaged Form of"/><definition value="Is a Packaged Form of"/></concept><concept><code value="PHARMOF"/><display value="Is a Pharmaceutical product of"/><definition value="Is a Pharmaceutical product of"/></concept><concept><code value="VIRTUALPACKOF"/><display value="Is a Virtual Package Form of"/><definition value="Is a Virtual Package Form of"/></concept><concept><code value="VPHARMOF"/><display value="Is a Virtual Package Form of"/><definition value="Is a Virtual Package Form of"/></concept><concept><code value="HASG"/><display value="Is a from a virtual pharmaceutical product group"/><definition value="Is a from a virtual pharmaceutical product group"/></concept></CodeSystem>