<?xml version="1.0" encoding="UTF-8"?><ImplementationGuide xmlns="http://hl7.org/fhir"><id value="medication.ig.example"/><text><status value="extensions"/><div xmlns="http://www.w3.org/1999/xhtml"><h2>medicationIG</h2><p>The official URL for this implementation guide is: </p><pre>http://hl7.org/fhir/us/example/ImplementationGuide/medication.ig.example</pre></div></text><url value="http://hl7.org/fhir/us/example/ImplementationGuide/medication.ig.example"/><version value="0.1.0"/><name value="medicationIG"/><status value="draft"/><date value="2021-08-06T09:08:54+00:00"/><packageId value="medication.ig.example"/><license value="CC0-1.0"/><fhirVersion value="4.6.0"/><definition><grouping id="-str-profile"><name value="Structures: Resource Profiles"/><description value="These define constraints on FHIR resources for systems conforming to this implementation guide"/></grouping><grouping id="-term-valueset"><name value="Terminology: Value Sets"/><description value="These define sets of codes used by systems conforming to this implementation guide"/></grouping><grouping id="-term-codesystem"><name value="Terminology: Code Systems"/><description value="These define new code systems used by systems conforming to this implementation guide"/></grouping><grouping id="-ex-example"><name value="Example: Example Instances"/><description value="These are example instances that show what data produced and consumed by systems conforming with this implementation guide might look like"/></grouping><resource><extension url="http://hl7.org/fhir/StructureDefinition/implementationguide-page"><valueUri value="StructureDefinition-MedicinalProduct.html"/></extension><reference><reference value="StructureDefinition/MedicinalProduct"/></reference><name value="MedicinalProduct"/><exampleBoolean value="false"/><groupingId value="-str-profile"/></resource><resource><extension url="http://hl7.org/fhir/StructureDefinition/implementationguide-page"><valueUri value="StructureDefinition-PackagedMedicinalProduct.html"/></extension><reference><reference value="StructureDefinition/PackagedMedicinalProduct"/></reference><name value="PackagedMedicinalProduct"/><exampleBoolean value="false"/><groupingId value="-str-profile"/></resource><resource><extension url="http://hl7.org/fhir/StructureDefinition/implementationguide-page"><valueUri value="StructureDefinition-PharmaceuticalProduct.html"/></extension><reference><reference value="StructureDefinition/PharmaceuticalProduct"/></reference><name value="PharmaceuticalProduct"/><exampleBoolean value="false"/><groupingId value="-str-profile"/></resource><resource><extension url="http://hl7.org/fhir/StructureDefinition/implementationguide-page"><valueUri value="StructureDefinition-Substance.html"/></extension><reference><reference value="StructureDefinition/Substance"/></reference><name value="Substance"/><exampleBoolean value="false"/><groupingId value="-str-profile"/></resource><resource><extension url="http://hl7.org/fhir/StructureDefinition/implementationguide-page"><valueUri value="ValueSet-granularity-vs.html"/></extension><reference><reference value="ValueSet/granularity-vs"/></reference><name value="Granularity Value Set"/><description value="Indicates the granularity of product"/><exampleBoolean value="false"/><groupingId value="-term-valueset"/></resource><resource><extension url="http://hl7.org/fhir/StructureDefinition/implementationguide-page"><valueUri value="CodeSystem-drug-char-cs.html"/></extension><reference><reference value="CodeSystem/drug-char-cs"/></reference><name value="Drug charachteristisc Code System"/><description value="Codes for drugCharacteristic"/><exampleBoolean value="false"/><groupingId value="-term-codesystem"/></resource><resource><extension url="http://hl7.org/fhir/StructureDefinition/implementationguide-page"><valueUri value="CodeSystem-type-med-class-cs.html"/></extension><reference><reference value="CodeSystem/type-med-class-cs"/></reference><name value="Types of Medicine Classification Value Set"/><description value="Values for classificating medicines"/><exampleBoolean value="false"/><groupingId value="-term-codesystem"/></resource><resource><extension url="http://hl7.org/fhir/StructureDefinition/implementationguide-page"><valueUri value="CodeSystem-drug-cs.html"/></extension><reference><reference value="CodeSystem/drug-cs"/></reference><name value="Drug Code System"/><description value="Codes for "/><exampleBoolean value="false"/><groupingId value="-term-codesystem"/></resource><resource><extension url="http://hl7.org/fhir/StructureDefinition/implementationguide-page"><valueUri value="CodeSystem-rel-med-cs.html"/></extension><reference><reference value="CodeSystem/rel-med-cs"/></reference><name value="RelatedMedicationKnowledgeCS"/><exampleBoolean value="false"/><groupingId value="-term-codesystem"/></resource><resource><extension url="http://hl7.org/fhir/StructureDefinition/implementationguide-page"><valueUri value="MedicationKnowledge-example-0-of-drug-med.html"/></extension><reference><reference value="MedicationKnowledge/example-0-of-drug-med"/></reference><name value="Example of drug with granularity 0"/><description value="Example of a drug with granularity 0"/><exampleCanonical value="http://hl7.org/fhir/us/example/StructureDefinition/Substance"/><groupingId value="-ex-example"/></resource><resource><extension url="http://hl7.org/fhir/StructureDefinition/implementationguide-page"><valueUri value="MedicationKnowledge-example-1-of-drug-med.html"/></extension><reference><reference value="MedicationKnowledge/example-1-of-drug-med"/></reference><name value="Example of drug with granularity 1"/><description value="Example of a drug with granularity 1"/><exampleCanonical value="http://hl7.org/fhir/us/example/StructureDefinition/MedicinalProduct"/><groupingId value="-ex-example"/></resource><resource><extension url="http://hl7.org/fhir/StructureDefinition/implementationguide-page"><valueUri value="MedicationKnowledge-example-2-of-drug-med.html"/></extension><reference><reference value="MedicationKnowledge/example-2-of-drug-med"/></reference><name value="Example of drug with granularity 2"/><description value="Example of a drug with granularity 2"/><exampleCanonical value="http://hl7.org/fhir/us/example/StructureDefinition/PharmaceuticalProduct"/><groupingId value="-ex-example"/></resource><resource><extension url="http://hl7.org/fhir/StructureDefinition/implementationguide-page"><valueUri value="MedicationKnowledge-example-3-of-drug-med.html"/></extension><reference><reference value="MedicationKnowledge/example-3-of-drug-med"/></reference><name value="Example of drug with granularity 3"/><description value="Example of a drug with granularity 3"/><exampleCanonical value="http://hl7.org/fhir/us/example/StructureDefinition/PackagedMedicinalProduct"/><groupingId value="-ex-example"/></resource><page><nameUrl value="toc.html"/><title value="Table of Contents"/><generation value="html"/><page><nameUrl value="index.html"/><title value="Home"/><generation value="markdown"/></page><page><nameUrl value="artifacts.html"/><title value="Artifacts Summary"/><generation value="html"/><page><nameUrl value="StructureDefinition-MedicinalProduct.html"/><title value="MedicinalProduct"/><generation value="generated"/></page><page><nameUrl value="StructureDefinition-PackagedMedicinalProduct.html"/><title value="PackagedMedicinalProduct"/><generation value="generated"/></page><page><nameUrl value="StructureDefinition-PharmaceuticalProduct.html"/><title value="PharmaceuticalProduct"/><generation value="generated"/></page><page><nameUrl value="StructureDefinition-Substance.html"/><title value="Substance"/><generation value="generated"/></page><page><nameUrl value="ValueSet-granularity-vs.html"/><title value="Granularity Value Set"/><generation value="generated"/></page><page><nameUrl value="CodeSystem-drug-char-cs.html"/><title value="Drug charachteristisc Code System"/><generation value="generated"/></page><page><nameUrl value="CodeSystem-type-med-class-cs.html"/><title value="Types of Medicine Classification Value Set"/><generation value="generated"/></page><page><nameUrl value="CodeSystem-drug-cs.html"/><title value="Drug Code System"/><generation value="generated"/></page><page><nameUrl value="CodeSystem-rel-med-cs.html"/><title value="RelatedMedicationKnowledgeCS"/><generation value="generated"/></page><page><nameUrl value="MedicationKnowledge-example-0-of-drug-med.html"/><title value="Example of drug with granularity 0"/><generation value="generated"/></page><page><nameUrl value="MedicationKnowledge-example-1-of-drug-med.html"/><title value="Example of drug with granularity 1"/><generation value="generated"/></page><page><nameUrl value="MedicationKnowledge-example-2-of-drug-med.html"/><title value="Example of drug with granularity 2"/><generation value="generated"/></page><page><nameUrl value="MedicationKnowledge-example-3-of-drug-med.html"/><title value="Example of drug with granularity 3"/><generation value="generated"/></page></page></page><parameter><code value="copyrightyear"/><value value="2021+"/></parameter><parameter><code value="releaselabel"/><value value="ci-build"/></parameter><parameter><code value="path-history"/><value value="http://hl7.org/fhir/us/example/history.html"/></parameter><parameter><code value="path-resource"/><value value="input/capabilities"/></parameter><parameter><code value="path-resource"/><value value="input/examples"/></parameter><parameter><code value="path-resource"/><value value="input/extensions"/></parameter><parameter><code value="path-resource"/><value value="input/models"/></parameter><parameter><code value="path-resource"/><value value="input/operations"/></parameter><parameter><code value="path-resource"/><value value="input/profiles"/></parameter><parameter><code value="path-resource"/><value value="input/resources"/></parameter><parameter><code value="path-resource"/><value value="input/vocabulary"/></parameter><parameter><code value="path-resource"/><value value="input/maps"/></parameter><parameter><code value="path-resource"/><value value="input/testing"/></parameter><parameter><code value="path-resource"/><value value="input/history"/></parameter><parameter><code value="path-resource"/><value value="fsh-generated/resources"/></parameter><parameter><code value="path-pages"/><value value="template/config"/></parameter><parameter><code value="path-pages"/><value value="input/images"/></parameter><parameter><code value="path-liquid"/><value value="template/liquid"/></parameter><parameter><code value="path-liquid"/><value value="input/liquid"/></parameter><parameter><code value="path-qa"/><value value="temp/qa"/></parameter><parameter><code value="path-temp"/><value value="temp/pages"/></parameter><parameter><code value="path-output"/><value value="output"/></parameter><parameter><code value="path-tx-cache"/><value value="input-cache/txcache"/></parameter><parameter><code value="path-suppressed-warnings"/><value value="input/ignoreWarnings.txt"/></parameter><parameter><code value="template-html"/><value value="template-page.html"/></parameter><parameter><code value="template-md"/><value value="template-page-md.html"/></parameter><parameter><code value="apply-contact"/><value value="true"/></parameter><parameter><code value="apply-context"/><value value="true"/></parameter><parameter><code value="apply-copyright"/><value value="true"/></parameter><parameter><code value="apply-jurisdiction"/><value value="true"/></parameter><parameter><code value="apply-license"/><value value="true"/></parameter><parameter><code value="apply-publisher"/><value value="true"/></parameter><parameter><code value="apply-version"/><value value="true"/></parameter><parameter><code value="active-tables"/><value value="true"/></parameter></definition></ImplementationGuide>