<?xml version="1.0" encoding="UTF-8"?><StructureDefinition xmlns="http://hl7.org/fhir"><id value="SubstanceModel"/><text><status value="extensions"/><div xmlns="http://www.w3.org/1999/xhtml"><table border="0" cellpadding="0" cellspacing="0" style="border: 0px #F0F0F0 solid; font-size: 11px; font-family: verdana; vertical-align: top;"><tr style="border: 1px #F0F0F0 solid; font-size: 11px; font-family: verdana; vertical-align: top"><th style="vertical-align: top; text-align : left; background-color: white; border: 0px #F0F0F0 solid; padding:0px 4px 0px 4px" class="hierarchy"><a href="http://hl7.org/fhir/R4/formats.html#table" title="The logical name of the element">Name</a></th><th style="vertical-align: top; text-align : left; background-color: white; border: 0px #F0F0F0 solid; padding:0px 4px 0px 4px" class="hierarchy"><a href="http://hl7.org/fhir/R4/formats.html#table" title="Information about the use of the element">Flags</a></th><th style="vertical-align: top; text-align : left; background-color: white; border: 0px #F0F0F0 solid; padding:0px 4px 0px 4px" class="hierarchy"><a href="http://hl7.org/fhir/R4/formats.html#table" title="Minimum and Maximum # of times the the element can appear in the instance">Card.</a></th><th style="width: 100px" class="hierarchy"><a href="http://hl7.org/fhir/R4/formats.html#table" title="Reference to the type of the element">Type</a></th><th style="vertical-align: top; text-align : left; background-color: white; border: 0px #F0F0F0 solid; padding:0px 4px 0px 4px" class="hierarchy"><a href="http://hl7.org/fhir/R4/formats.html#table" title="Additional information about the element">Description &amp; Constraints</a><span style="float: right"><a href="http://hl7.org/fhir/R4/formats.html#table" title="Legend for this format"><img src="http://hl7.org/fhir/R4/help16.png" alt="doco" style="background-color: inherit"/></a></span></th></tr><tr style="border: 0px #F0F0F0 solid; padding:0px; vertical-align: top; background-color: white"><td style="vertical-align: top; text-align : left; background-color: white; border: 0px #F0F0F0 solid; padding:0px 4px 0px 4px; white-space: nowrap; background-image: url(tbl_bck1.png)" class="hierarchy"><img src="tbl_spacer.png" alt="." style="background-color: inherit" class="hierarchy"/><img src="icon_element.gif" alt="." style="background-color: white; background-color: inherit" title="Element" class="hierarchy"/> <a href="StructureDefinition-SubstanceModel-definitions.html#SubstanceModel" title="Substance logical model">SubstanceModel</a><a name="SubstanceModel"> </a></td><td style="vertical-align: top; text-align : left; background-color: white; border: 0px #F0F0F0 solid; padding:0px 4px 0px 4px" class="hierarchy"/><td style="vertical-align: top; text-align : left; background-color: white; border: 0px #F0F0F0 solid; padding:0px 4px 0px 4px" class="hierarchy"><span style="opacity: 0.5">0</span><span style="opacity: 0.5">..</span><span style="opacity: 0.5">*</span></td><td style="vertical-align: top; text-align : left; background-color: white; border: 0px #F0F0F0 solid; padding:0px 4px 0px 4px" class="hierarchy"/><td style="vertical-align: top; text-align : left; background-color: white; border: 0px #F0F0F0 solid; padding:0px 4px 0px 4px" class="hierarchy">Substance logical model</td></tr>
<tr style="border: 0px #F0F0F0 solid; padding:0px; vertical-align: top; background-color: #F7F7F7"><td style="vertical-align: top; text-align : left; background-color: #F7F7F7; border: 0px #F0F0F0 solid; padding:0px 4px 0px 4px; white-space: nowrap; background-image: url(tbl_bck10.png)" class="hierarchy"><img src="tbl_spacer.png" alt="." style="background-color: inherit" class="hierarchy"/><img src="tbl_vjoin.png" alt="." style="background-color: inherit" class="hierarchy"/><img src="icon_datatype.gif" alt="." style="background-color: #F7F7F7; background-color: inherit" title="Data Type" class="hierarchy"/> <a href="StructureDefinition-SubstanceModel-definitions.html#SubstanceModel.identifier" title="Business identifier for this medication">identifier</a><a name="SubstanceModel.identifier"> </a></td><td style="vertical-align: top; text-align : left; background-color: #F7F7F7; border: 0px #F0F0F0 solid; padding:0px 4px 0px 4px" class="hierarchy"/><td style="vertical-align: top; text-align : left; background-color: #F7F7F7; border: 0px #F0F0F0 solid; padding:0px 4px 0px 4px" class="hierarchy">0..*</td><td style="vertical-align: top; text-align : left; background-color: #F7F7F7; border: 0px #F0F0F0 solid; padding:0px 4px 0px 4px" class="hierarchy"><a href="http://hl7.org/fhir/R4/datatypes.html#Identifier">Identifier</a></td><td style="vertical-align: top; text-align : left; background-color: #F7F7F7; border: 0px #F0F0F0 solid; padding:0px 4px 0px 4px" class="hierarchy">Business identifier for this medication<br/></td></tr>
<tr style="border: 0px #F0F0F0 solid; padding:0px; vertical-align: top; background-color: white"><td style="vertical-align: top; text-align : left; background-color: white; border: 0px #F0F0F0 solid; padding:0px 4px 0px 4px; white-space: nowrap; background-image: url(tbl_bck10.png)" class="hierarchy"><img src="tbl_spacer.png" alt="." style="background-color: inherit" class="hierarchy"/><img src="tbl_vjoin.png" alt="." style="background-color: inherit" class="hierarchy"/><img src="icon_datatype.gif" alt="." style="background-color: white; background-color: inherit" title="Data Type" class="hierarchy"/> <a href="StructureDefinition-SubstanceModel-definitions.html#SubstanceModel.code" title="Code that identifies this medication">code</a><a name="SubstanceModel.code"> </a></td><td style="vertical-align: top; text-align : left; background-color: white; border: 0px #F0F0F0 solid; padding:0px 4px 0px 4px" class="hierarchy"/><td style="vertical-align: top; text-align : left; background-color: white; border: 0px #F0F0F0 solid; padding:0px 4px 0px 4px" class="hierarchy">0..*</td><td style="vertical-align: top; text-align : left; background-color: white; border: 0px #F0F0F0 solid; padding:0px 4px 0px 4px" class="hierarchy"><a href="http://hl7.org/fhir/R4/datatypes.html#CodeableConcept">CodeableConcept</a></td><td style="vertical-align: top; text-align : left; background-color: white; border: 0px #F0F0F0 solid; padding:0px 4px 0px 4px" class="hierarchy">Code that identifies this medication<br/></td></tr>
<tr style="border: 0px #F0F0F0 solid; padding:0px; vertical-align: top; background-color: #F7F7F7"><td style="vertical-align: top; text-align : left; background-color: #F7F7F7; border: 0px #F0F0F0 solid; padding:0px 4px 0px 4px; white-space: nowrap; background-image: url(tbl_bck10.png)" class="hierarchy"><img src="tbl_spacer.png" alt="." style="background-color: inherit" class="hierarchy"/><img src="tbl_vjoin.png" alt="." style="background-color: inherit" class="hierarchy"/><img src="icon_primitive.png" alt="." style="background-color: #F7F7F7; background-color: inherit" title="Primitive Data Type" class="hierarchy"/> <a href="StructureDefinition-SubstanceModel-definitions.html#SubstanceModel.version" title="business version of the product">version</a><a name="SubstanceModel.version"> </a></td><td style="vertical-align: top; text-align : left; background-color: #F7F7F7; border: 0px #F0F0F0 solid; padding:0px 4px 0px 4px" class="hierarchy"/><td style="vertical-align: top; text-align : left; background-color: #F7F7F7; border: 0px #F0F0F0 solid; padding:0px 4px 0px 4px" class="hierarchy">0..1</td><td style="vertical-align: top; text-align : left; background-color: #F7F7F7; border: 0px #F0F0F0 solid; padding:0px 4px 0px 4px" class="hierarchy"><a href="http://hl7.org/fhir/R4/datatypes.html#string">string</a></td><td style="vertical-align: top; text-align : left; background-color: #F7F7F7; border: 0px #F0F0F0 solid; padding:0px 4px 0px 4px" class="hierarchy">business version of the product</td></tr>
<tr style="border: 0px #F0F0F0 solid; padding:0px; vertical-align: top; background-color: white"><td style="vertical-align: top; text-align : left; background-color: white; border: 0px #F0F0F0 solid; padding:0px 4px 0px 4px; white-space: nowrap; background-image: url(tbl_bck10.png)" class="hierarchy"><img src="tbl_spacer.png" alt="." style="background-color: inherit" class="hierarchy"/><img src="tbl_vjoin.png" alt="." style="background-color: inherit" class="hierarchy"/><img src="icon_primitive.png" alt="." style="background-color: white; background-color: inherit" title="Primitive Data Type" class="hierarchy"/> <a href="StructureDefinition-SubstanceModel-definitions.html#SubstanceModel.regulatoryStatus" title="active non active">regulatoryStatus</a><a name="SubstanceModel.regulatoryStatus"> </a></td><td style="vertical-align: top; text-align : left; background-color: white; border: 0px #F0F0F0 solid; padding:0px 4px 0px 4px" class="hierarchy"/><td style="vertical-align: top; text-align : left; background-color: white; border: 0px #F0F0F0 solid; padding:0px 4px 0px 4px" class="hierarchy">0..1</td><td style="vertical-align: top; text-align : left; background-color: white; border: 0px #F0F0F0 solid; padding:0px 4px 0px 4px" class="hierarchy"><a href="http://hl7.org/fhir/R4/datatypes.html#string">string</a></td><td style="vertical-align: top; text-align : left; background-color: white; border: 0px #F0F0F0 solid; padding:0px 4px 0px 4px" class="hierarchy">active non active</td></tr>
<tr style="border: 0px #F0F0F0 solid; padding:0px; vertical-align: top; background-color: #F7F7F7"><td style="vertical-align: top; text-align : left; background-color: #F7F7F7; border: 0px #F0F0F0 solid; padding:0px 4px 0px 4px; white-space: nowrap; background-image: url(tbl_bck10.png)" class="hierarchy"><img src="tbl_spacer.png" alt="." style="background-color: inherit" class="hierarchy"/><img src="tbl_vjoin.png" alt="." style="background-color: inherit" class="hierarchy"/><img src="icon_primitive.png" alt="." style="background-color: #F7F7F7; background-color: inherit" title="Primitive Data Type" class="hierarchy"/> <a href="StructureDefinition-SubstanceModel-definitions.html#SubstanceModel.domain" title="human or veterinary">domain</a><a name="SubstanceModel.domain"> </a></td><td style="vertical-align: top; text-align : left; background-color: #F7F7F7; border: 0px #F0F0F0 solid; padding:0px 4px 0px 4px" class="hierarchy"/><td style="vertical-align: top; text-align : left; background-color: #F7F7F7; border: 0px #F0F0F0 solid; padding:0px 4px 0px 4px" class="hierarchy">0..1</td><td style="vertical-align: top; text-align : left; background-color: #F7F7F7; border: 0px #F0F0F0 solid; padding:0px 4px 0px 4px" class="hierarchy"><a href="http://hl7.org/fhir/R4/datatypes.html#string">string</a></td><td style="vertical-align: top; text-align : left; background-color: #F7F7F7; border: 0px #F0F0F0 solid; padding:0px 4px 0px 4px" class="hierarchy">human or veterinary</td></tr>
<tr style="border: 0px #F0F0F0 solid; padding:0px; vertical-align: top; background-color: white"><td style="vertical-align: top; text-align : left; background-color: white; border: 0px #F0F0F0 solid; padding:0px 4px 0px 4px; white-space: nowrap; background-image: url(tbl_bck10.png)" class="hierarchy"><img src="tbl_spacer.png" alt="." style="background-color: inherit" class="hierarchy"/><img src="tbl_vjoin.png" alt="." style="background-color: inherit" class="hierarchy"/><img src="icon_datatype.gif" alt="." style="background-color: white; background-color: inherit" title="Data Type" class="hierarchy"/> <a href="StructureDefinition-SubstanceModel-definitions.html#SubstanceModel.indication" title="human or veterinary">indication</a><a name="SubstanceModel.indication"> </a></td><td style="vertical-align: top; text-align : left; background-color: white; border: 0px #F0F0F0 solid; padding:0px 4px 0px 4px" class="hierarchy"/><td style="vertical-align: top; text-align : left; background-color: white; border: 0px #F0F0F0 solid; padding:0px 4px 0px 4px" class="hierarchy">0..*</td><td style="vertical-align: top; text-align : left; background-color: white; border: 0px #F0F0F0 solid; padding:0px 4px 0px 4px" class="hierarchy"><a href="http://hl7.org/fhir/R4/datatypes.html#CodeableConcept">CodeableConcept</a></td><td style="vertical-align: top; text-align : left; background-color: white; border: 0px #F0F0F0 solid; padding:0px 4px 0px 4px" class="hierarchy">indication of the product<br/></td></tr>
<tr style="border: 0px #F0F0F0 solid; padding:0px; vertical-align: top; background-color: #F7F7F7"><td style="vertical-align: top; text-align : left; background-color: #F7F7F7; border: 0px #F0F0F0 solid; padding:0px 4px 0px 4px; white-space: nowrap; background-image: url(tbl_bck10.png)" class="hierarchy"><img src="tbl_spacer.png" alt="." style="background-color: inherit" class="hierarchy"/><img src="tbl_vjoin.png" alt="." style="background-color: inherit" class="hierarchy"/><img src="icon_datatype.gif" alt="." style="background-color: #F7F7F7; background-color: inherit" title="Data Type" class="hierarchy"/> <a href="StructureDefinition-SubstanceModel-definitions.html#SubstanceModel.associatedCondition" title="associated conditions">associatedCondition</a><a name="SubstanceModel.associatedCondition"> </a></td><td style="vertical-align: top; text-align : left; background-color: #F7F7F7; border: 0px #F0F0F0 solid; padding:0px 4px 0px 4px" class="hierarchy"/><td style="vertical-align: top; text-align : left; background-color: #F7F7F7; border: 0px #F0F0F0 solid; padding:0px 4px 0px 4px" class="hierarchy">0..*</td><td style="vertical-align: top; text-align : left; background-color: #F7F7F7; border: 0px #F0F0F0 solid; padding:0px 4px 0px 4px" class="hierarchy"><a href="http://hl7.org/fhir/R4/datatypes.html#CodeableConcept">CodeableConcept</a></td><td style="vertical-align: top; text-align : left; background-color: #F7F7F7; border: 0px #F0F0F0 solid; padding:0px 4px 0px 4px" class="hierarchy">associated conditions<br/></td></tr>
<tr style="border: 0px #F0F0F0 solid; padding:0px; vertical-align: top; background-color: white"><td style="vertical-align: top; text-align : left; background-color: white; border: 0px #F0F0F0 solid; padding:0px 4px 0px 4px; white-space: nowrap; background-image: url(tbl_bck11.png)" class="hierarchy"><img src="tbl_spacer.png" alt="." style="background-color: inherit" class="hierarchy"/><img src="tbl_vjoin.png" alt="." style="background-color: inherit" class="hierarchy"/><img src="icon_datatype.gif" alt="." style="background-color: white; background-color: inherit" title="Data Type" class="hierarchy"/> <a href="StructureDefinition-SubstanceModel-definitions.html#SubstanceModel.name" title="Product Name">name</a><a name="SubstanceModel.name"> </a></td><td style="vertical-align: top; text-align : left; background-color: white; border: 0px #F0F0F0 solid; padding:0px 4px 0px 4px" class="hierarchy"/><td style="vertical-align: top; text-align : left; background-color: white; border: 0px #F0F0F0 solid; padding:0px 4px 0px 4px" class="hierarchy">1..*</td><td style="vertical-align: top; text-align : left; background-color: white; border: 0px #F0F0F0 solid; padding:0px 4px 0px 4px" class="hierarchy"><a href="http://hl7.org/fhir/R4/datatypes.html#BackboneElement">BackboneElement</a></td><td style="vertical-align: top; text-align : left; background-color: white; border: 0px #F0F0F0 solid; padding:0px 4px 0px 4px" class="hierarchy">Product Name<br/></td></tr>
<tr style="border: 0px #F0F0F0 solid; padding:0px; vertical-align: top; background-color: #F7F7F7"><td style="vertical-align: top; text-align : left; background-color: #F7F7F7; border: 0px #F0F0F0 solid; padding:0px 4px 0px 4px; white-space: nowrap; background-image: url(tbl_bck110.png)" class="hierarchy"><img src="tbl_spacer.png" alt="." style="background-color: inherit" class="hierarchy"/><img src="tbl_vline.png" alt="." style="background-color: inherit" class="hierarchy"/><img src="tbl_vjoin.png" alt="." style="background-color: inherit" class="hierarchy"/><img src="icon_primitive.png" alt="." style="background-color: #F7F7F7; background-color: inherit" title="Primitive Data Type" class="hierarchy"/> <a href="StructureDefinition-SubstanceModel-definitions.html#SubstanceModel.name.productName" title="actual name of the product">productName</a><a name="SubstanceModel.name.productName"> </a></td><td style="vertical-align: top; text-align : left; background-color: #F7F7F7; border: 0px #F0F0F0 solid; padding:0px 4px 0px 4px" class="hierarchy"/><td style="vertical-align: top; text-align : left; background-color: #F7F7F7; border: 0px #F0F0F0 solid; padding:0px 4px 0px 4px" class="hierarchy">1..1</td><td style="vertical-align: top; text-align : left; background-color: #F7F7F7; border: 0px #F0F0F0 solid; padding:0px 4px 0px 4px" class="hierarchy"><a href="http://hl7.org/fhir/R4/datatypes.html#string">string</a></td><td style="vertical-align: top; text-align : left; background-color: #F7F7F7; border: 0px #F0F0F0 solid; padding:0px 4px 0px 4px" class="hierarchy">actual name of the product</td></tr>
<tr style="border: 0px #F0F0F0 solid; padding:0px; vertical-align: top; background-color: white"><td style="vertical-align: top; text-align : left; background-color: white; border: 0px #F0F0F0 solid; padding:0px 4px 0px 4px; white-space: nowrap; background-image: url(tbl_bck110.png)" class="hierarchy"><img src="tbl_spacer.png" alt="." style="background-color: inherit" class="hierarchy"/><img src="tbl_vline.png" alt="." style="background-color: inherit" class="hierarchy"/><img src="tbl_vjoin.png" alt="." style="background-color: inherit" class="hierarchy"/><img src="icon_datatype.gif" alt="." style="background-color: white; background-color: inherit" title="Data Type" class="hierarchy"/> <a href="StructureDefinition-SubstanceModel-definitions.html#SubstanceModel.name.type" title="type of naming">type</a><a name="SubstanceModel.name.type"> </a></td><td style="vertical-align: top; text-align : left; background-color: white; border: 0px #F0F0F0 solid; padding:0px 4px 0px 4px" class="hierarchy"/><td style="vertical-align: top; text-align : left; background-color: white; border: 0px #F0F0F0 solid; padding:0px 4px 0px 4px" class="hierarchy">1..1</td><td style="vertical-align: top; text-align : left; background-color: white; border: 0px #F0F0F0 solid; padding:0px 4px 0px 4px" class="hierarchy"><a href="http://hl7.org/fhir/R4/datatypes.html#CodeableConcept">CodeableConcept</a></td><td style="vertical-align: top; text-align : left; background-color: white; border: 0px #F0F0F0 solid; padding:0px 4px 0px 4px" class="hierarchy">type of naming</td></tr>
<tr style="border: 0px #F0F0F0 solid; padding:0px; vertical-align: top; background-color: #F7F7F7"><td style="vertical-align: top; text-align : left; background-color: #F7F7F7; border: 0px #F0F0F0 solid; padding:0px 4px 0px 4px; white-space: nowrap; background-image: url(tbl_bck111.png)" class="hierarchy"><img src="tbl_spacer.png" alt="." style="background-color: inherit" class="hierarchy"/><img src="tbl_vline.png" alt="." style="background-color: inherit" class="hierarchy"/><img src="tbl_vjoin.png" alt="." style="background-color: inherit" class="hierarchy"/><img src="icon_datatype.gif" alt="." style="background-color: #F7F7F7; background-color: inherit" title="Data Type" class="hierarchy"/> <a href="StructureDefinition-SubstanceModel-definitions.html#SubstanceModel.name.namePart" title="selecting parts of name for inteligeble purposes">namePart</a><a name="SubstanceModel.name.namePart"> </a></td><td style="vertical-align: top; text-align : left; background-color: #F7F7F7; border: 0px #F0F0F0 solid; padding:0px 4px 0px 4px" class="hierarchy"/><td style="vertical-align: top; text-align : left; background-color: #F7F7F7; border: 0px #F0F0F0 solid; padding:0px 4px 0px 4px" class="hierarchy">0..*</td><td style="vertical-align: top; text-align : left; background-color: #F7F7F7; border: 0px #F0F0F0 solid; padding:0px 4px 0px 4px" class="hierarchy"><a href="http://hl7.org/fhir/R4/datatypes.html#BackboneElement">BackboneElement</a></td><td style="vertical-align: top; text-align : left; background-color: #F7F7F7; border: 0px #F0F0F0 solid; padding:0px 4px 0px 4px" class="hierarchy">selecting parts of name for inteligeble purposes<br/></td></tr>
<tr style="border: 0px #F0F0F0 solid; padding:0px; vertical-align: top; background-color: white"><td style="vertical-align: top; text-align : left; background-color: white; border: 0px #F0F0F0 solid; padding:0px 4px 0px 4px; white-space: nowrap; background-image: url(tbl_bck1110.png)" class="hierarchy"><img src="tbl_spacer.png" alt="." style="background-color: inherit" class="hierarchy"/><img src="tbl_vline.png" alt="." style="background-color: inherit" class="hierarchy"/><img src="tbl_vline.png" alt="." style="background-color: inherit" class="hierarchy"/><img src="tbl_vjoin.png" alt="." style="background-color: inherit" class="hierarchy"/><img src="icon_primitive.png" alt="." style="background-color: white; background-color: inherit" title="Primitive Data Type" class="hierarchy"/> <a href="StructureDefinition-SubstanceModel-definitions.html#SubstanceModel.name.namePart.part" title="part of name">part</a><a name="SubstanceModel.name.namePart.part"> </a></td><td style="vertical-align: top; text-align : left; background-color: white; border: 0px #F0F0F0 solid; padding:0px 4px 0px 4px" class="hierarchy"/><td style="vertical-align: top; text-align : left; background-color: white; border: 0px #F0F0F0 solid; padding:0px 4px 0px 4px" class="hierarchy">1..1</td><td style="vertical-align: top; text-align : left; background-color: white; border: 0px #F0F0F0 solid; padding:0px 4px 0px 4px" class="hierarchy"><a href="http://hl7.org/fhir/R4/datatypes.html#string">string</a></td><td style="vertical-align: top; text-align : left; background-color: white; border: 0px #F0F0F0 solid; padding:0px 4px 0px 4px" class="hierarchy">part of name</td></tr>
<tr style="border: 0px #F0F0F0 solid; padding:0px; vertical-align: top; background-color: #F7F7F7"><td style="vertical-align: top; text-align : left; background-color: #F7F7F7; border: 0px #F0F0F0 solid; padding:0px 4px 0px 4px; white-space: nowrap; background-image: url(tbl_bck1100.png)" class="hierarchy"><img src="tbl_spacer.png" alt="." style="background-color: inherit" class="hierarchy"/><img src="tbl_vline.png" alt="." style="background-color: inherit" class="hierarchy"/><img src="tbl_vline.png" alt="." style="background-color: inherit" class="hierarchy"/><img src="tbl_vjoin_end.png" alt="." style="background-color: inherit" class="hierarchy"/><img src="icon_datatype.gif" alt="." style="background-color: #F7F7F7; background-color: inherit" title="Data Type" class="hierarchy"/> <a href="StructureDefinition-SubstanceModel-definitions.html#SubstanceModel.name.namePart.type" title="type of elemente defining -strength, pharmaceutical form, etc">type</a><a name="SubstanceModel.name.namePart.type"> </a></td><td style="vertical-align: top; text-align : left; background-color: #F7F7F7; border: 0px #F0F0F0 solid; padding:0px 4px 0px 4px" class="hierarchy"/><td style="vertical-align: top; text-align : left; background-color: #F7F7F7; border: 0px #F0F0F0 solid; padding:0px 4px 0px 4px" class="hierarchy">1..1</td><td style="vertical-align: top; text-align : left; background-color: #F7F7F7; border: 0px #F0F0F0 solid; padding:0px 4px 0px 4px" class="hierarchy"><a href="http://hl7.org/fhir/R4/datatypes.html#CodeableConcept">CodeableConcept</a></td><td style="vertical-align: top; text-align : left; background-color: #F7F7F7; border: 0px #F0F0F0 solid; padding:0px 4px 0px 4px" class="hierarchy">type of elemente defining -strength, pharmaceutical form, etc</td></tr>
<tr style="border: 0px #F0F0F0 solid; padding:0px; vertical-align: top; background-color: white"><td style="vertical-align: top; text-align : left; background-color: white; border: 0px #F0F0F0 solid; padding:0px 4px 0px 4px; white-space: nowrap; background-image: url(tbl_bck101.png)" class="hierarchy"><img src="tbl_spacer.png" alt="." style="background-color: inherit" class="hierarchy"/><img src="tbl_vline.png" alt="." style="background-color: inherit" class="hierarchy"/><img src="tbl_vjoin_end.png" alt="." style="background-color: inherit" class="hierarchy"/><img src="icon_datatype.gif" alt="." style="background-color: white; background-color: inherit" title="Data Type" class="hierarchy"/> <a href="StructureDefinition-SubstanceModel-definitions.html#SubstanceModel.name.countryLanguage" title="country for which country the name is defined">countryLanguage</a><a name="SubstanceModel.name.countryLanguage"> </a></td><td style="vertical-align: top; text-align : left; background-color: white; border: 0px #F0F0F0 solid; padding:0px 4px 0px 4px" class="hierarchy"/><td style="vertical-align: top; text-align : left; background-color: white; border: 0px #F0F0F0 solid; padding:0px 4px 0px 4px" class="hierarchy">0..*</td><td style="vertical-align: top; text-align : left; background-color: white; border: 0px #F0F0F0 solid; padding:0px 4px 0px 4px" class="hierarchy"><a href="http://hl7.org/fhir/R4/datatypes.html#BackboneElement">BackboneElement</a></td><td style="vertical-align: top; text-align : left; background-color: white; border: 0px #F0F0F0 solid; padding:0px 4px 0px 4px" class="hierarchy">country for which country the name is defined<br/></td></tr>
<tr style="border: 0px #F0F0F0 solid; padding:0px; vertical-align: top; background-color: #F7F7F7"><td style="vertical-align: top; text-align : left; background-color: #F7F7F7; border: 0px #F0F0F0 solid; padding:0px 4px 0px 4px; white-space: nowrap; background-image: url(tbl_bck1010.png)" class="hierarchy"><img src="tbl_spacer.png" alt="." style="background-color: inherit" class="hierarchy"/><img src="tbl_vline.png" alt="." style="background-color: inherit" class="hierarchy"/><img src="tbl_blank.png" alt="." style="background-color: inherit" class="hierarchy"/><img src="tbl_vjoin.png" alt="." style="background-color: inherit" class="hierarchy"/><img src="icon_datatype.gif" alt="." style="background-color: #F7F7F7; background-color: inherit" title="Data Type" class="hierarchy"/> <a href="StructureDefinition-SubstanceModel-definitions.html#SubstanceModel.name.countryLanguage.country" title="country">country</a><a name="SubstanceModel.name.countryLanguage.country"> </a></td><td style="vertical-align: top; text-align : left; background-color: #F7F7F7; border: 0px #F0F0F0 solid; padding:0px 4px 0px 4px" class="hierarchy"/><td style="vertical-align: top; text-align : left; background-color: #F7F7F7; border: 0px #F0F0F0 solid; padding:0px 4px 0px 4px" class="hierarchy">1..1</td><td style="vertical-align: top; text-align : left; background-color: #F7F7F7; border: 0px #F0F0F0 solid; padding:0px 4px 0px 4px" class="hierarchy"><a href="http://hl7.org/fhir/R4/datatypes.html#CodeableConcept">CodeableConcept</a></td><td style="vertical-align: top; text-align : left; background-color: #F7F7F7; border: 0px #F0F0F0 solid; padding:0px 4px 0px 4px" class="hierarchy">country</td></tr>
<tr style="border: 0px #F0F0F0 solid; padding:0px; vertical-align: top; background-color: white"><td style="vertical-align: top; text-align : left; background-color: white; border: 0px #F0F0F0 solid; padding:0px 4px 0px 4px; white-space: nowrap; background-image: url(tbl_bck1010.png)" class="hierarchy"><img src="tbl_spacer.png" alt="." style="background-color: inherit" class="hierarchy"/><img src="tbl_vline.png" alt="." style="background-color: inherit" class="hierarchy"/><img src="tbl_blank.png" alt="." style="background-color: inherit" class="hierarchy"/><img src="tbl_vjoin.png" alt="." style="background-color: inherit" class="hierarchy"/><img src="icon_datatype.gif" alt="." style="background-color: white; background-color: inherit" title="Data Type" class="hierarchy"/> <a href="StructureDefinition-SubstanceModel-definitions.html#SubstanceModel.name.countryLanguage.jurisdiction" title="jurisdiction that applies">jurisdiction</a><a name="SubstanceModel.name.countryLanguage.jurisdiction"> </a></td><td style="vertical-align: top; text-align : left; background-color: white; border: 0px #F0F0F0 solid; padding:0px 4px 0px 4px" class="hierarchy"/><td style="vertical-align: top; text-align : left; background-color: white; border: 0px #F0F0F0 solid; padding:0px 4px 0px 4px" class="hierarchy">0..1</td><td style="vertical-align: top; text-align : left; background-color: white; border: 0px #F0F0F0 solid; padding:0px 4px 0px 4px" class="hierarchy"><a href="http://hl7.org/fhir/R4/datatypes.html#CodeableConcept">CodeableConcept</a></td><td style="vertical-align: top; text-align : left; background-color: white; border: 0px #F0F0F0 solid; padding:0px 4px 0px 4px" class="hierarchy">jurisdiction that applies</td></tr>
<tr style="border: 0px #F0F0F0 solid; padding:0px; vertical-align: top; background-color: #F7F7F7"><td style="vertical-align: top; text-align : left; background-color: #F7F7F7; border: 0px #F0F0F0 solid; padding:0px 4px 0px 4px; white-space: nowrap; background-image: url(tbl_bck1000.png)" class="hierarchy"><img src="tbl_spacer.png" alt="." style="background-color: inherit" class="hierarchy"/><img src="tbl_vline.png" alt="." style="background-color: inherit" class="hierarchy"/><img src="tbl_blank.png" alt="." style="background-color: inherit" class="hierarchy"/><img src="tbl_vjoin_end.png" alt="." style="background-color: inherit" class="hierarchy"/><img src="icon_datatype.gif" alt="." style="background-color: #F7F7F7; background-color: inherit" title="Data Type" class="hierarchy"/> <a href="StructureDefinition-SubstanceModel-definitions.html#SubstanceModel.name.countryLanguage.language" title="language applicable">language</a><a name="SubstanceModel.name.countryLanguage.language"> </a></td><td style="vertical-align: top; text-align : left; background-color: #F7F7F7; border: 0px #F0F0F0 solid; padding:0px 4px 0px 4px" class="hierarchy"/><td style="vertical-align: top; text-align : left; background-color: #F7F7F7; border: 0px #F0F0F0 solid; padding:0px 4px 0px 4px" class="hierarchy">1..1</td><td style="vertical-align: top; text-align : left; background-color: #F7F7F7; border: 0px #F0F0F0 solid; padding:0px 4px 0px 4px" class="hierarchy"><a href="http://hl7.org/fhir/R4/datatypes.html#CodeableConcept">CodeableConcept</a></td><td style="vertical-align: top; text-align : left; background-color: #F7F7F7; border: 0px #F0F0F0 solid; padding:0px 4px 0px 4px" class="hierarchy">language applicable</td></tr>
<tr style="border: 0px #F0F0F0 solid; padding:0px; vertical-align: top; background-color: white"><td style="vertical-align: top; text-align : left; background-color: white; border: 0px #F0F0F0 solid; padding:0px 4px 0px 4px; white-space: nowrap; background-image: url(tbl_bck10.png)" class="hierarchy"><img src="tbl_spacer.png" alt="." style="background-color: inherit" class="hierarchy"/><img src="tbl_vjoin.png" alt="." style="background-color: inherit" class="hierarchy"/><img src="icon_datatype.gif" alt="." style="background-color: white; background-color: inherit" title="Data Type" class="hierarchy"/> <a href="StructureDefinition-SubstanceModel-definitions.html#SubstanceModel.granularity" title="level of product, substance, pharmaceutical product, medicinal product or packaged medicinal product">granularity</a><a name="SubstanceModel.granularity"> </a></td><td style="vertical-align: top; text-align : left; background-color: white; border: 0px #F0F0F0 solid; padding:0px 4px 0px 4px" class="hierarchy"/><td style="vertical-align: top; text-align : left; background-color: white; border: 0px #F0F0F0 solid; padding:0px 4px 0px 4px" class="hierarchy">0..1</td><td style="vertical-align: top; text-align : left; background-color: white; border: 0px #F0F0F0 solid; padding:0px 4px 0px 4px" class="hierarchy"><a href="http://hl7.org/fhir/R4/datatypes.html#CodeableConcept">CodeableConcept</a></td><td style="vertical-align: top; text-align : left; background-color: white; border: 0px #F0F0F0 solid; padding:0px 4px 0px 4px" class="hierarchy">level of product, substance, pharmaceutical product, medicinal product or packaged medicinal product</td></tr>
<tr style="border: 0px #F0F0F0 solid; padding:0px; vertical-align: top; background-color: #F7F7F7"><td style="vertical-align: top; text-align : left; background-color: #F7F7F7; border: 0px #F0F0F0 solid; padding:0px 4px 0px 4px; white-space: nowrap; background-image: url(tbl_bck10.png)" class="hierarchy"><img src="tbl_spacer.png" alt="." style="background-color: inherit" class="hierarchy"/><img src="tbl_vjoin.png" alt="." style="background-color: inherit" class="hierarchy"/><img src="icon_primitive.png" alt="." style="background-color: #F7F7F7; background-color: inherit" title="Primitive Data Type" class="hierarchy"/> <a href="StructureDefinition-SubstanceModel-definitions.html#SubstanceModel.mechanismOfAction" title="mechanism of action of drug">mechanismOfAction</a><a name="SubstanceModel.mechanismOfAction"> </a></td><td style="vertical-align: top; text-align : left; background-color: #F7F7F7; border: 0px #F0F0F0 solid; padding:0px 4px 0px 4px" class="hierarchy"/><td style="vertical-align: top; text-align : left; background-color: #F7F7F7; border: 0px #F0F0F0 solid; padding:0px 4px 0px 4px" class="hierarchy">0..1</td><td style="vertical-align: top; text-align : left; background-color: #F7F7F7; border: 0px #F0F0F0 solid; padding:0px 4px 0px 4px" class="hierarchy"><a href="http://hl7.org/fhir/R4/datatypes.html#string">string</a></td><td style="vertical-align: top; text-align : left; background-color: #F7F7F7; border: 0px #F0F0F0 solid; padding:0px 4px 0px 4px" class="hierarchy">mechanism of action of drug</td></tr>
<tr style="border: 0px #F0F0F0 solid; padding:0px; vertical-align: top; background-color: white"><td style="vertical-align: top; text-align : left; background-color: white; border: 0px #F0F0F0 solid; padding:0px 4px 0px 4px; white-space: nowrap; background-image: url(tbl_bck10.png)" class="hierarchy"><img src="tbl_spacer.png" alt="." style="background-color: inherit" class="hierarchy"/><img src="tbl_vjoin.png" alt="." style="background-color: inherit" class="hierarchy"/><img src="icon_primitive.png" alt="." style="background-color: white; background-color: inherit" title="Primitive Data Type" class="hierarchy"/> <a href="StructureDefinition-SubstanceModel-definitions.html#SubstanceModel.drugType" title="type of drug - small molecule, biologic, etc">drugType</a><a name="SubstanceModel.drugType"> </a></td><td style="vertical-align: top; text-align : left; background-color: white; border: 0px #F0F0F0 solid; padding:0px 4px 0px 4px" class="hierarchy"/><td style="vertical-align: top; text-align : left; background-color: white; border: 0px #F0F0F0 solid; padding:0px 4px 0px 4px" class="hierarchy">0..1</td><td style="vertical-align: top; text-align : left; background-color: white; border: 0px #F0F0F0 solid; padding:0px 4px 0px 4px" class="hierarchy"><a href="http://hl7.org/fhir/R4/datatypes.html#string">string</a></td><td style="vertical-align: top; text-align : left; background-color: white; border: 0px #F0F0F0 solid; padding:0px 4px 0px 4px" class="hierarchy">type of drug - small molecule, biologic, etc</td></tr>
<tr style="border: 0px #F0F0F0 solid; padding:0px; vertical-align: top; background-color: #F7F7F7"><td style="vertical-align: top; text-align : left; background-color: #F7F7F7; border: 0px #F0F0F0 solid; padding:0px 4px 0px 4px; white-space: nowrap; background-image: url(tbl_bck10.png)" class="hierarchy"><img src="tbl_spacer.png" alt="." style="background-color: inherit" class="hierarchy"/><img src="tbl_vjoin.png" alt="." style="background-color: inherit" class="hierarchy"/><img src="icon_datatype.gif" alt="." style="background-color: #F7F7F7; background-color: inherit" title="Data Type" class="hierarchy"/> <a href="StructureDefinition-SubstanceModel-definitions.html#SubstanceModel.sideEffects" title="side effects known">sideEffects</a><a name="SubstanceModel.sideEffects"> </a></td><td style="vertical-align: top; text-align : left; background-color: #F7F7F7; border: 0px #F0F0F0 solid; padding:0px 4px 0px 4px" class="hierarchy"/><td style="vertical-align: top; text-align : left; background-color: #F7F7F7; border: 0px #F0F0F0 solid; padding:0px 4px 0px 4px" class="hierarchy">0..*</td><td style="vertical-align: top; text-align : left; background-color: #F7F7F7; border: 0px #F0F0F0 solid; padding:0px 4px 0px 4px" class="hierarchy"><a href="http://hl7.org/fhir/R4/datatypes.html#CodeableConcept">CodeableConcept</a></td><td style="vertical-align: top; text-align : left; background-color: #F7F7F7; border: 0px #F0F0F0 solid; padding:0px 4px 0px 4px" class="hierarchy">side effects known<br/></td></tr>
<tr style="border: 0px #F0F0F0 solid; padding:0px; vertical-align: top; background-color: white"><td style="vertical-align: top; text-align : left; background-color: white; border: 0px #F0F0F0 solid; padding:0px 4px 0px 4px; white-space: nowrap; background-image: url(tbl_bck11.png)" class="hierarchy"><img src="tbl_spacer.png" alt="." style="background-color: inherit" class="hierarchy"/><img src="tbl_vjoin.png" alt="." style="background-color: inherit" class="hierarchy"/><img src="icon_datatype.gif" alt="." style="background-color: white; background-color: inherit" title="Data Type" class="hierarchy"/> <a href="StructureDefinition-SubstanceModel-definitions.html#SubstanceModel.interactions" title="known interactions">interactions</a><a name="SubstanceModel.interactions"> </a></td><td style="vertical-align: top; text-align : left; background-color: white; border: 0px #F0F0F0 solid; padding:0px 4px 0px 4px" class="hierarchy"/><td style="vertical-align: top; text-align : left; background-color: white; border: 0px #F0F0F0 solid; padding:0px 4px 0px 4px" class="hierarchy">0..*</td><td style="vertical-align: top; text-align : left; background-color: white; border: 0px #F0F0F0 solid; padding:0px 4px 0px 4px" class="hierarchy"><a href="http://hl7.org/fhir/R4/datatypes.html#BackboneElement">BackboneElement</a></td><td style="vertical-align: top; text-align : left; background-color: white; border: 0px #F0F0F0 solid; padding:0px 4px 0px 4px" class="hierarchy">known interactions<br/></td></tr>
<tr style="border: 0px #F0F0F0 solid; padding:0px; vertical-align: top; background-color: #F7F7F7"><td style="vertical-align: top; text-align : left; background-color: #F7F7F7; border: 0px #F0F0F0 solid; padding:0px 4px 0px 4px; white-space: nowrap; background-image: url(tbl_bck110.png)" class="hierarchy"><img src="tbl_spacer.png" alt="." style="background-color: inherit" class="hierarchy"/><img src="tbl_vline.png" alt="." style="background-color: inherit" class="hierarchy"/><img src="tbl_vjoin.png" alt="." style="background-color: inherit" class="hierarchy"/><img src="icon_primitive.png" alt="." style="background-color: #F7F7F7; background-color: inherit" title="Primitive Data Type" class="hierarchy"/> <a href="StructureDefinition-SubstanceModel-definitions.html#SubstanceModel.interactions.type" title="type of interaction">type</a><a name="SubstanceModel.interactions.type"> </a></td><td style="vertical-align: top; text-align : left; background-color: #F7F7F7; border: 0px #F0F0F0 solid; padding:0px 4px 0px 4px" class="hierarchy"/><td style="vertical-align: top; text-align : left; background-color: #F7F7F7; border: 0px #F0F0F0 solid; padding:0px 4px 0px 4px" class="hierarchy">1..1</td><td style="vertical-align: top; text-align : left; background-color: #F7F7F7; border: 0px #F0F0F0 solid; padding:0px 4px 0px 4px" class="hierarchy"><a href="http://hl7.org/fhir/R4/datatypes.html#string">string</a></td><td style="vertical-align: top; text-align : left; background-color: #F7F7F7; border: 0px #F0F0F0 solid; padding:0px 4px 0px 4px" class="hierarchy">type of interaction</td></tr>
<tr style="border: 0px #F0F0F0 solid; padding:0px; vertical-align: top; background-color: white"><td style="vertical-align: top; text-align : left; background-color: white; border: 0px #F0F0F0 solid; padding:0px 4px 0px 4px; white-space: nowrap; background-image: url(tbl_bck110.png)" class="hierarchy"><img src="tbl_spacer.png" alt="." style="background-color: inherit" class="hierarchy"/><img src="tbl_vline.png" alt="." style="background-color: inherit" class="hierarchy"/><img src="tbl_vjoin.png" alt="." style="background-color: inherit" class="hierarchy"/><img src="icon_reference.png" alt="." style="background-color: white; background-color: inherit" title="Reference to another Resource" class="hierarchy"/> <a href="StructureDefinition-SubstanceModel-definitions.html#SubstanceModel.interactions.substance" title="product">substance</a><a name="SubstanceModel.interactions.substance"> </a></td><td style="vertical-align: top; text-align : left; background-color: white; border: 0px #F0F0F0 solid; padding:0px 4px 0px 4px" class="hierarchy"/><td style="vertical-align: top; text-align : left; background-color: white; border: 0px #F0F0F0 solid; padding:0px 4px 0px 4px" class="hierarchy">1..1</td><td style="vertical-align: top; text-align : left; background-color: white; border: 0px #F0F0F0 solid; padding:0px 4px 0px 4px" class="hierarchy"><a href="http://hl7.org/fhir/R4/references.html">Reference</a>(<a href="http://hl7.org/fhir/R4/medicationknowledge.html">MedicationKnowledge</a>)</td><td style="vertical-align: top; text-align : left; background-color: white; border: 0px #F0F0F0 solid; padding:0px 4px 0px 4px" class="hierarchy">product</td></tr>
<tr style="border: 0px #F0F0F0 solid; padding:0px; vertical-align: top; background-color: #F7F7F7"><td style="vertical-align: top; text-align : left; background-color: #F7F7F7; border: 0px #F0F0F0 solid; padding:0px 4px 0px 4px; white-space: nowrap; background-image: url(tbl_bck110.png)" class="hierarchy"><img src="tbl_spacer.png" alt="." style="background-color: inherit" class="hierarchy"/><img src="tbl_vline.png" alt="." style="background-color: inherit" class="hierarchy"/><img src="tbl_vjoin.png" alt="." style="background-color: inherit" class="hierarchy"/><img src="icon_primitive.png" alt="." style="background-color: #F7F7F7; background-color: inherit" title="Primitive Data Type" class="hierarchy"/> <a href="StructureDefinition-SubstanceModel-definitions.html#SubstanceModel.interactions.reaction" title="what is the reaction">reaction</a><a name="SubstanceModel.interactions.reaction"> </a></td><td style="vertical-align: top; text-align : left; background-color: #F7F7F7; border: 0px #F0F0F0 solid; padding:0px 4px 0px 4px" class="hierarchy"/><td style="vertical-align: top; text-align : left; background-color: #F7F7F7; border: 0px #F0F0F0 solid; padding:0px 4px 0px 4px" class="hierarchy">0..1</td><td style="vertical-align: top; text-align : left; background-color: #F7F7F7; border: 0px #F0F0F0 solid; padding:0px 4px 0px 4px" class="hierarchy"><a href="http://hl7.org/fhir/R4/datatypes.html#string">string</a></td><td style="vertical-align: top; text-align : left; background-color: #F7F7F7; border: 0px #F0F0F0 solid; padding:0px 4px 0px 4px" class="hierarchy">what is the reaction</td></tr>
<tr style="border: 0px #F0F0F0 solid; padding:0px; vertical-align: top; background-color: white"><td style="vertical-align: top; text-align : left; background-color: white; border: 0px #F0F0F0 solid; padding:0px 4px 0px 4px; white-space: nowrap; background-image: url(tbl_bck110.png)" class="hierarchy"><img src="tbl_spacer.png" alt="." style="background-color: inherit" class="hierarchy"/><img src="tbl_vline.png" alt="." style="background-color: inherit" class="hierarchy"/><img src="tbl_vjoin.png" alt="." style="background-color: inherit" class="hierarchy"/><img src="icon_primitive.png" alt="." style="background-color: white; background-color: inherit" title="Primitive Data Type" class="hierarchy"/> <a href="StructureDefinition-SubstanceModel-definitions.html#SubstanceModel.interactions.riskLevel" title="level of risk">riskLevel</a><a name="SubstanceModel.interactions.riskLevel"> </a></td><td style="vertical-align: top; text-align : left; background-color: white; border: 0px #F0F0F0 solid; padding:0px 4px 0px 4px" class="hierarchy"/><td style="vertical-align: top; text-align : left; background-color: white; border: 0px #F0F0F0 solid; padding:0px 4px 0px 4px" class="hierarchy">0..1</td><td style="vertical-align: top; text-align : left; background-color: white; border: 0px #F0F0F0 solid; padding:0px 4px 0px 4px" class="hierarchy"><a href="http://hl7.org/fhir/R4/datatypes.html#string">string</a></td><td style="vertical-align: top; text-align : left; background-color: white; border: 0px #F0F0F0 solid; padding:0px 4px 0px 4px" class="hierarchy">level of risk</td></tr>
<tr style="border: 0px #F0F0F0 solid; padding:0px; vertical-align: top; background-color: #F7F7F7"><td style="vertical-align: top; text-align : left; background-color: #F7F7F7; border: 0px #F0F0F0 solid; padding:0px 4px 0px 4px; white-space: nowrap; background-image: url(tbl_bck100.png)" class="hierarchy"><img src="tbl_spacer.png" alt="." style="background-color: inherit" class="hierarchy"/><img src="tbl_vline.png" alt="." style="background-color: inherit" class="hierarchy"/><img src="tbl_vjoin_end.png" alt="." style="background-color: inherit" class="hierarchy"/><img src="icon_reference.png" alt="." style="background-color: #F7F7F7; background-color: inherit" title="Reference to another Resource" class="hierarchy"/> <a href="StructureDefinition-SubstanceModel-definitions.html#SubstanceModel.interactions.clinicalIssue" title="reference for clinicalIssue">clinicalIssue</a><a name="SubstanceModel.interactions.clinicalIssue"> </a></td><td style="vertical-align: top; text-align : left; background-color: #F7F7F7; border: 0px #F0F0F0 solid; padding:0px 4px 0px 4px" class="hierarchy"/><td style="vertical-align: top; text-align : left; background-color: #F7F7F7; border: 0px #F0F0F0 solid; padding:0px 4px 0px 4px" class="hierarchy">0..*</td><td style="vertical-align: top; text-align : left; background-color: #F7F7F7; border: 0px #F0F0F0 solid; padding:0px 4px 0px 4px" class="hierarchy"><a href="http://hl7.org/fhir/R4/references.html">Reference</a>(<a href="http://hl7.org/fhir/R4/detectedissue.html">DetectedIssue</a>)</td><td style="vertical-align: top; text-align : left; background-color: #F7F7F7; border: 0px #F0F0F0 solid; padding:0px 4px 0px 4px" class="hierarchy">reference for clinicalIssue<br/></td></tr>
<tr style="border: 0px #F0F0F0 solid; padding:0px; vertical-align: top; background-color: white"><td style="vertical-align: top; text-align : left; background-color: white; border: 0px #F0F0F0 solid; padding:0px 4px 0px 4px; white-space: nowrap; background-image: url(tbl_bck10.png)" class="hierarchy"><img src="tbl_spacer.png" alt="." style="background-color: inherit" class="hierarchy"/><img src="tbl_vjoin.png" alt="." style="background-color: inherit" class="hierarchy"/><img src="icon_datatype.gif" alt="." style="background-color: white; background-color: inherit" title="Data Type" class="hierarchy"/> <a href="StructureDefinition-SubstanceModel-definitions.html#SubstanceModel.contraIndication" title="contraindication">contraIndication</a><a name="SubstanceModel.contraIndication"> </a></td><td style="vertical-align: top; text-align : left; background-color: white; border: 0px #F0F0F0 solid; padding:0px 4px 0px 4px" class="hierarchy"/><td style="vertical-align: top; text-align : left; background-color: white; border: 0px #F0F0F0 solid; padding:0px 4px 0px 4px" class="hierarchy">0..*</td><td style="vertical-align: top; text-align : left; background-color: white; border: 0px #F0F0F0 solid; padding:0px 4px 0px 4px" class="hierarchy"><a href="http://hl7.org/fhir/R4/datatypes.html#CodeableConcept">CodeableConcept</a></td><td style="vertical-align: top; text-align : left; background-color: white; border: 0px #F0F0F0 solid; padding:0px 4px 0px 4px" class="hierarchy">contraindication<br/></td></tr>
<tr style="border: 0px #F0F0F0 solid; padding:0px; vertical-align: top; background-color: #F7F7F7"><td style="vertical-align: top; text-align : left; background-color: #F7F7F7; border: 0px #F0F0F0 solid; padding:0px 4px 0px 4px; white-space: nowrap; background-image: url(tbl_bck10.png)" class="hierarchy"><img src="tbl_spacer.png" alt="." style="background-color: inherit" class="hierarchy"/><img src="tbl_vjoin.png" alt="." style="background-color: inherit" class="hierarchy"/><img src="icon_reference.png" alt="." style="background-color: #F7F7F7; background-color: inherit" title="Reference to another Resource" class="hierarchy"/> <a href="StructureDefinition-SubstanceModel-definitions.html#SubstanceModel.monograph" title="Associated documentation about the medication">monograph</a><a name="SubstanceModel.monograph"> </a></td><td style="vertical-align: top; text-align : left; background-color: #F7F7F7; border: 0px #F0F0F0 solid; padding:0px 4px 0px 4px" class="hierarchy"/><td style="vertical-align: top; text-align : left; background-color: #F7F7F7; border: 0px #F0F0F0 solid; padding:0px 4px 0px 4px" class="hierarchy">0..*</td><td style="vertical-align: top; text-align : left; background-color: #F7F7F7; border: 0px #F0F0F0 solid; padding:0px 4px 0px 4px" class="hierarchy"><a href="http://hl7.org/fhir/R4/references.html">Reference</a>(<a href="http://hl7.org/fhir/R4/documentreference.html">DocumentReference</a>)</td><td style="vertical-align: top; text-align : left; background-color: #F7F7F7; border: 0px #F0F0F0 solid; padding:0px 4px 0px 4px" class="hierarchy">Associated documentation about the medication<br/></td></tr>
<tr style="border: 0px #F0F0F0 solid; padding:0px; vertical-align: top; background-color: white"><td style="vertical-align: top; text-align : left; background-color: white; border: 0px #F0F0F0 solid; padding:0px 4px 0px 4px; white-space: nowrap; background-image: url(tbl_bck10.png)" class="hierarchy"><img src="tbl_spacer.png" alt="." style="background-color: inherit" class="hierarchy"/><img src="tbl_vjoin.png" alt="." style="background-color: inherit" class="hierarchy"/><img src="icon_reference.png" alt="." style="background-color: white; background-color: inherit" title="Reference to another Resource" class="hierarchy"/> <a href="StructureDefinition-SubstanceModel-definitions.html#SubstanceModel.masterfile" title="masterfile from where the product comes from">masterfile</a><a name="SubstanceModel.masterfile"> </a></td><td style="vertical-align: top; text-align : left; background-color: white; border: 0px #F0F0F0 solid; padding:0px 4px 0px 4px" class="hierarchy"/><td style="vertical-align: top; text-align : left; background-color: white; border: 0px #F0F0F0 solid; padding:0px 4px 0px 4px" class="hierarchy">0..*</td><td style="vertical-align: top; text-align : left; background-color: white; border: 0px #F0F0F0 solid; padding:0px 4px 0px 4px" class="hierarchy"><a href="http://hl7.org/fhir/R4/references.html">Reference</a>(<a href="http://hl7.org/fhir/R4/documentreference.html">DocumentReference</a>)</td><td style="vertical-align: top; text-align : left; background-color: white; border: 0px #F0F0F0 solid; padding:0px 4px 0px 4px" class="hierarchy">masterfile from where the product comes from<br/></td></tr>
<tr style="border: 0px #F0F0F0 solid; padding:0px; vertical-align: top; background-color: #F7F7F7"><td style="vertical-align: top; text-align : left; background-color: #F7F7F7; border: 0px #F0F0F0 solid; padding:0px 4px 0px 4px; white-space: nowrap; background-image: url(tbl_bck10.png)" class="hierarchy"><img src="tbl_spacer.png" alt="." style="background-color: inherit" class="hierarchy"/><img src="tbl_vjoin.png" alt="." style="background-color: inherit" class="hierarchy"/><img src="icon_datatype.gif" alt="." style="background-color: #F7F7F7; background-color: inherit" title="Data Type" class="hierarchy"/> <a href="StructureDefinition-SubstanceModel-definitions.html#SubstanceModel.classification" title="drug classification, atc, internal, etc">classification</a><a name="SubstanceModel.classification"> </a></td><td style="vertical-align: top; text-align : left; background-color: #F7F7F7; border: 0px #F0F0F0 solid; padding:0px 4px 0px 4px" class="hierarchy"/><td style="vertical-align: top; text-align : left; background-color: #F7F7F7; border: 0px #F0F0F0 solid; padding:0px 4px 0px 4px" class="hierarchy">0..*</td><td style="vertical-align: top; text-align : left; background-color: #F7F7F7; border: 0px #F0F0F0 solid; padding:0px 4px 0px 4px" class="hierarchy"><a href="http://hl7.org/fhir/R4/datatypes.html#CodeableConcept">CodeableConcept</a></td><td style="vertical-align: top; text-align : left; background-color: #F7F7F7; border: 0px #F0F0F0 solid; padding:0px 4px 0px 4px" class="hierarchy">drug classification, atc, internal, etc<br/></td></tr>
<tr style="border: 0px #F0F0F0 solid; padding:0px; vertical-align: top; background-color: white"><td style="vertical-align: top; text-align : left; background-color: white; border: 0px #F0F0F0 solid; padding:0px 4px 0px 4px; white-space: nowrap; background-image: url(tbl_bck10.png)" class="hierarchy"><img src="tbl_spacer.png" alt="." style="background-color: inherit" class="hierarchy"/><img src="tbl_vjoin.png" alt="." style="background-color: inherit" class="hierarchy"/><img src="icon_datatype.gif" alt="." style="background-color: white; background-color: inherit" title="Data Type" class="hierarchy"/> <a href="StructureDefinition-SubstanceModel-definitions.html#SubstanceModel.drugCharacteristics" title="characteristics for drug, opioid, etc">drugCharacteristics</a><a name="SubstanceModel.drugCharacteristics"> </a></td><td style="vertical-align: top; text-align : left; background-color: white; border: 0px #F0F0F0 solid; padding:0px 4px 0px 4px" class="hierarchy"/><td style="vertical-align: top; text-align : left; background-color: white; border: 0px #F0F0F0 solid; padding:0px 4px 0px 4px" class="hierarchy">0..*</td><td style="vertical-align: top; text-align : left; background-color: white; border: 0px #F0F0F0 solid; padding:0px 4px 0px 4px" class="hierarchy"><a href="http://hl7.org/fhir/R4/datatypes.html#CodeableConcept">CodeableConcept</a></td><td style="vertical-align: top; text-align : left; background-color: white; border: 0px #F0F0F0 solid; padding:0px 4px 0px 4px" class="hierarchy">characteristics for drug, opioid, etc<br/></td></tr>
<tr style="border: 0px #F0F0F0 solid; padding:0px; vertical-align: top; background-color: #F7F7F7"><td style="vertical-align: top; text-align : left; background-color: #F7F7F7; border: 0px #F0F0F0 solid; padding:0px 4px 0px 4px; white-space: nowrap; background-image: url(tbl_bck10.png)" class="hierarchy"><img src="tbl_spacer.png" alt="." style="background-color: inherit" class="hierarchy"/><img src="tbl_vjoin.png" alt="." style="background-color: inherit" class="hierarchy"/><img src="icon_reference.png" alt="." style="background-color: #F7F7F7; background-color: inherit" title="Reference to another Resource" class="hierarchy"/> <a href="StructureDefinition-SubstanceModel-definitions.html#SubstanceModel.marketingAuthorization" title="marketing auhtorization of product">marketingAuthorization</a><a name="SubstanceModel.marketingAuthorization"> </a></td><td style="vertical-align: top; text-align : left; background-color: #F7F7F7; border: 0px #F0F0F0 solid; padding:0px 4px 0px 4px" class="hierarchy"/><td style="vertical-align: top; text-align : left; background-color: #F7F7F7; border: 0px #F0F0F0 solid; padding:0px 4px 0px 4px" class="hierarchy">0..1</td><td style="vertical-align: top; text-align : left; background-color: #F7F7F7; border: 0px #F0F0F0 solid; padding:0px 4px 0px 4px" class="hierarchy"><a href="http://hl7.org/fhir/R4/references.html">Reference</a>()</td><td style="vertical-align: top; text-align : left; background-color: #F7F7F7; border: 0px #F0F0F0 solid; padding:0px 4px 0px 4px" class="hierarchy">marketing auhtorization of product</td></tr>
<tr style="border: 0px #F0F0F0 solid; padding:0px; vertical-align: top; background-color: white"><td style="vertical-align: top; text-align : left; background-color: white; border: 0px #F0F0F0 solid; padding:0px 4px 0px 4px; white-space: nowrap; background-image: url(tbl_bck00.png)" class="hierarchy"><img src="tbl_spacer.png" alt="." style="background-color: inherit" class="hierarchy"/><img src="tbl_vjoin_end.png" alt="." style="background-color: inherit" class="hierarchy"/><img src="icon_reference.png" alt="." style="background-color: white; background-color: inherit" title="Reference to another Resource" class="hierarchy"/> <a href="StructureDefinition-SubstanceModel-definitions.html#SubstanceModel.marketingAuthorizationHolder" title="holder of the marketing authorization">marketingAuthorizationHolder</a><a name="SubstanceModel.marketingAuthorizationHolder"> </a></td><td style="vertical-align: top; text-align : left; background-color: white; border: 0px #F0F0F0 solid; padding:0px 4px 0px 4px" class="hierarchy"/><td style="vertical-align: top; text-align : left; background-color: white; border: 0px #F0F0F0 solid; padding:0px 4px 0px 4px" class="hierarchy">0..*</td><td style="vertical-align: top; text-align : left; background-color: white; border: 0px #F0F0F0 solid; padding:0px 4px 0px 4px" class="hierarchy"><a href="http://hl7.org/fhir/R4/references.html">Reference</a>(<a href="http://hl7.org/fhir/R4/organization.html">Organization</a>)</td><td style="vertical-align: top; text-align : left; background-color: white; border: 0px #F0F0F0 solid; padding:0px 4px 0px 4px" class="hierarchy">holder of the marketing authorization<br/></td></tr>
<tr><td colspan="5" class="hierarchy"><br/><a href="http://hl7.org/fhir/R4/formats.html#table" title="Legend for this format"><img src="http://hl7.org/fhir/R4/help16.png" alt="doco" style="background-color: inherit"/> Documentation for this format</a></td></tr></table></div></text><url value="http://hl7.org/fhir/us/example/StructureDefinition/SubstanceModel"/><version value="0.1.0"/><name value="SubstanceModel"/><title value="Substance logical model"/><status value="active"/><date value="2022-01-25T17:23:33+00:00"/><description value="Substance logical model"/><fhirVersion value="4.0.1"/><mapping><identity value="rim"/><uri value="http://hl7.org/v3"/><name value="RIM Mapping"/></mapping><kind value="logical"/><abstract value="false"/><type value="http://hl7.org/fhir/us/example/StructureDefinition/SubstanceModel"/><baseDefinition value="http://hl7.org/fhir/StructureDefinition/Base"/><derivation value="specialization"/><snapshot><element id="SubstanceModel"><path value="SubstanceModel"/><short value="Substance logical model"/><definition value="Substance logical model"/><min value="0"/><max value="*"/><base><path value="Base"/><min value="0"/><max value="*"/></base><isModifier value="false"/></element><element id="SubstanceModel.identifier"><path value="SubstanceModel.identifier"/><short value="Business identifier for this medication"/><definition value="Business identifier for this medication"/><min value="0"/><max value="*"/><base><path value="SubstanceModel.identifier"/><min value="0"/><max value="*"/></base><type><code value="Identifier"/></type></element><element id="SubstanceModel.code"><path value="SubstanceModel.code"/><short value="Code that identifies this medication"/><definition value="Code that identifies this medication"/><min value="0"/><max value="*"/><base><path value="SubstanceModel.code"/><min value="0"/><max value="*"/></base><type><code value="CodeableConcept"/></type></element><element id="SubstanceModel.version"><path value="SubstanceModel.version"/><short value="business version of the product"/><definition value="business version of the product"/><min value="0"/><max value="1"/><base><path value="SubstanceModel.version"/><min value="0"/><max value="1"/></base><type><code value="string"/></type></element><element id="SubstanceModel.regulatoryStatus"><path value="SubstanceModel.regulatoryStatus"/><short value="active non active"/><definition value="active non active"/><min value="0"/><max value="1"/><base><path value="SubstanceModel.regulatoryStatus"/><min value="0"/><max value="1"/></base><type><code value="string"/></type></element><element id="SubstanceModel.domain"><path value="SubstanceModel.domain"/><short value="human or veterinary"/><definition value="human or veterinary"/><min value="0"/><max value="1"/><base><path value="SubstanceModel.domain"/><min value="0"/><max value="1"/></base><type><code value="string"/></type></element><element id="SubstanceModel.indication"><path value="SubstanceModel.indication"/><short value="indication of the product"/><definition value="human or veterinary"/><min value="0"/><max value="*"/><base><path value="SubstanceModel.indication"/><min value="0"/><max value="*"/></base><type><code value="CodeableConcept"/></type></element><element id="SubstanceModel.associatedCondition"><path value="SubstanceModel.associatedCondition"/><short value="associated conditions"/><definition value="associated conditions"/><min value="0"/><max value="*"/><base><path value="SubstanceModel.associatedCondition"/><min value="0"/><max value="*"/></base><type><code value="CodeableConcept"/></type></element><element id="SubstanceModel.name"><path value="SubstanceModel.name"/><short value="Product Name"/><definition value="Product Name"/><min value="1"/><max value="*"/><base><path value="SubstanceModel.name"/><min value="1"/><max value="*"/></base><type><code value="BackboneElement"/></type></element><element id="SubstanceModel.name.productName"><path value="SubstanceModel.name.productName"/><short value="actual name of the product"/><definition value="actual name of the product"/><min value="1"/><max value="1"/><base><path value="SubstanceModel.name.productName"/><min value="1"/><max value="1"/></base><type><code value="string"/></type></element><element id="SubstanceModel.name.type"><path value="SubstanceModel.name.type"/><short value="type of naming"/><definition value="type of naming"/><min value="1"/><max value="1"/><base><path value="SubstanceModel.name.type"/><min value="1"/><max value="1"/></base><type><code value="CodeableConcept"/></type></element><element id="SubstanceModel.name.namePart"><path value="SubstanceModel.name.namePart"/><short value="selecting parts of name for inteligeble purposes"/><definition value="selecting parts of name for inteligeble purposes"/><min value="0"/><max value="*"/><base><path value="SubstanceModel.name.namePart"/><min value="0"/><max value="*"/></base><type><code value="BackboneElement"/></type></element><element id="SubstanceModel.name.namePart.part"><path value="SubstanceModel.name.namePart.part"/><short value="part of name"/><definition value="part of name"/><min value="1"/><max value="1"/><base><path value="SubstanceModel.name.namePart.part"/><min value="1"/><max value="1"/></base><type><code value="string"/></type></element><element id="SubstanceModel.name.namePart.type"><path value="SubstanceModel.name.namePart.type"/><short value="type of elemente defining -strength, pharmaceutical form, etc"/><definition value="type of elemente defining -strength, pharmaceutical form, etc"/><min value="1"/><max value="1"/><base><path value="SubstanceModel.name.namePart.type"/><min value="1"/><max value="1"/></base><type><code value="CodeableConcept"/></type></element><element id="SubstanceModel.name.countryLanguage"><path value="SubstanceModel.name.countryLanguage"/><short value="country for which country the name is defined"/><definition value="country for which country the name is defined"/><min value="0"/><max value="*"/><base><path value="SubstanceModel.name.countryLanguage"/><min value="0"/><max value="*"/></base><type><code value="BackboneElement"/></type></element><element id="SubstanceModel.name.countryLanguage.country"><path value="SubstanceModel.name.countryLanguage.country"/><short value="country"/><definition value="country"/><min value="1"/><max value="1"/><base><path value="SubstanceModel.name.countryLanguage.country"/><min value="1"/><max value="1"/></base><type><code value="CodeableConcept"/></type></element><element id="SubstanceModel.name.countryLanguage.jurisdiction"><path value="SubstanceModel.name.countryLanguage.jurisdiction"/><short value="jurisdiction that applies"/><definition value="jurisdiction that applies"/><min value="0"/><max value="1"/><base><path value="SubstanceModel.name.countryLanguage.jurisdiction"/><min value="0"/><max value="1"/></base><type><code value="CodeableConcept"/></type></element><element id="SubstanceModel.name.countryLanguage.language"><path value="SubstanceModel.name.countryLanguage.language"/><short value="language applicable"/><definition value="language applicable"/><min value="1"/><max value="1"/><base><path value="SubstanceModel.name.countryLanguage.language"/><min value="1"/><max value="1"/></base><type><code value="CodeableConcept"/></type></element><element id="SubstanceModel.granularity"><path value="SubstanceModel.granularity"/><short value="level of product, substance, pharmaceutical product, medicinal product or packaged medicinal product"/><definition value="level of product, substance, pharmaceutical product, medicinal product or packaged medicinal product"/><min value="0"/><max value="1"/><base><path value="SubstanceModel.granularity"/><min value="0"/><max value="1"/></base><type><code value="CodeableConcept"/></type></element><element id="SubstanceModel.mechanismOfAction"><path value="SubstanceModel.mechanismOfAction"/><short value="mechanism of action of drug"/><definition value="mechanism of action of drug"/><min value="0"/><max value="1"/><base><path value="SubstanceModel.mechanismOfAction"/><min value="0"/><max value="1"/></base><type><code value="string"/></type></element><element id="SubstanceModel.drugType"><path value="SubstanceModel.drugType"/><short value="type of drug - small molecule, biologic, etc"/><definition value="type of drug - small molecule, biologic, etc"/><min value="0"/><max value="1"/><base><path value="SubstanceModel.drugType"/><min value="0"/><max value="1"/></base><type><code value="string"/></type></element><element id="SubstanceModel.sideEffects"><path value="SubstanceModel.sideEffects"/><short value="side effects known"/><definition value="side effects known"/><min value="0"/><max value="*"/><base><path value="SubstanceModel.sideEffects"/><min value="0"/><max value="*"/></base><type><code value="CodeableConcept"/></type></element><element id="SubstanceModel.interactions"><path value="SubstanceModel.interactions"/><short value="known interactions"/><definition value="known interactions"/><min value="0"/><max value="*"/><base><path value="SubstanceModel.interactions"/><min value="0"/><max value="*"/></base><type><code value="BackboneElement"/></type></element><element id="SubstanceModel.interactions.type"><path value="SubstanceModel.interactions.type"/><short value="type of interaction"/><definition value="type of interaction"/><min value="1"/><max value="1"/><base><path value="SubstanceModel.interactions.type"/><min value="1"/><max value="1"/></base><type><code value="string"/></type></element><element id="SubstanceModel.interactions.substance"><path value="SubstanceModel.interactions.substance"/><short value="product"/><definition value="product"/><min value="1"/><max value="1"/><base><path value="SubstanceModel.interactions.substance"/><min value="1"/><max value="1"/></base><type><code value="Reference"/><targetProfile value="http://hl7.org/fhir/StructureDefinition/MedicationKnowledge"/></type></element><element id="SubstanceModel.interactions.reaction"><path value="SubstanceModel.interactions.reaction"/><short value="what is the reaction"/><definition value="what is the reaction"/><min value="0"/><max value="1"/><base><path value="SubstanceModel.interactions.reaction"/><min value="0"/><max value="1"/></base><type><code value="string"/></type></element><element id="SubstanceModel.interactions.riskLevel"><path value="SubstanceModel.interactions.riskLevel"/><short value="level of risk"/><definition value="level of risk"/><min value="0"/><max value="1"/><base><path value="SubstanceModel.interactions.riskLevel"/><min value="0"/><max value="1"/></base><type><code value="string"/></type></element><element id="SubstanceModel.interactions.clinicalIssue"><path value="SubstanceModel.interactions.clinicalIssue"/><short value="reference for clinicalIssue"/><definition value="reference for clinicalIssue"/><min value="0"/><max value="*"/><base><path value="SubstanceModel.interactions.clinicalIssue"/><min value="0"/><max value="*"/></base><type><code value="Reference"/><targetProfile value="http://hl7.org/fhir/StructureDefinition/DetectedIssue"/></type></element><element id="SubstanceModel.contraIndication"><path value="SubstanceModel.contraIndication"/><short value="contraindication"/><definition value="contraindication"/><min value="0"/><max value="*"/><base><path value="SubstanceModel.contraIndication"/><min value="0"/><max value="*"/></base><type><code value="CodeableConcept"/></type></element><element id="SubstanceModel.monograph"><path value="SubstanceModel.monograph"/><short value="Associated documentation about the medication"/><definition value="Associated documentation about the medication"/><min value="0"/><max value="*"/><base><path value="SubstanceModel.monograph"/><min value="0"/><max value="*"/></base><type><code value="Reference"/><targetProfile value="http://hl7.org/fhir/StructureDefinition/DocumentReference"/></type></element><element id="SubstanceModel.masterfile"><path value="SubstanceModel.masterfile"/><short value="masterfile from where the product comes from"/><definition value="masterfile from where the product comes from"/><min value="0"/><max value="*"/><base><path value="SubstanceModel.masterfile"/><min value="0"/><max value="*"/></base><type><code value="Reference"/><targetProfile value="http://hl7.org/fhir/StructureDefinition/DocumentReference"/></type></element><element id="SubstanceModel.classification"><path value="SubstanceModel.classification"/><short value="drug classification, atc, internal, etc"/><definition value="drug classification, atc, internal, etc"/><min value="0"/><max value="*"/><base><path value="SubstanceModel.classification"/><min value="0"/><max value="*"/></base><type><code value="CodeableConcept"/></type></element><element id="SubstanceModel.drugCharacteristics"><path value="SubstanceModel.drugCharacteristics"/><short value="characteristics for drug, opioid, etc"/><definition value="characteristics for drug, opioid, etc"/><min value="0"/><max value="*"/><base><path value="SubstanceModel.drugCharacteristics"/><min value="0"/><max value="*"/></base><type><code value="CodeableConcept"/></type></element><element id="SubstanceModel.marketingAuthorization"><path value="SubstanceModel.marketingAuthorization"/><short value="marketing auhtorization of product"/><definition value="marketing auhtorization of product"/><min value="0"/><max value="1"/><base><path value="SubstanceModel.marketingAuthorization"/><min value="0"/><max value="1"/></base><type><code value="Reference"/></type></element><element id="SubstanceModel.marketingAuthorizationHolder"><path value="SubstanceModel.marketingAuthorizationHolder"/><short value="holder of the marketing authorization"/><definition value="holder of the marketing authorization"/><min value="0"/><max value="*"/><base><path value="SubstanceModel.marketingAuthorizationHolder"/><min value="0"/><max value="*"/></base><type><code value="Reference"/><targetProfile value="http://hl7.org/fhir/StructureDefinition/Organization"/></type></element></snapshot><differential><element id="SubstanceModel"><path value="SubstanceModel"/><short value="Substance logical model"/><definition value="Substance logical model"/></element><element id="SubstanceModel.identifier"><path value="SubstanceModel.identifier"/><short value="Business identifier for this medication"/><definition value="Business identifier for this medication"/><min value="0"/><max value="*"/><type><code value="Identifier"/></type></element><element id="SubstanceModel.code"><path value="SubstanceModel.code"/><short value="Code that identifies this medication"/><definition value="Code that identifies this medication"/><min value="0"/><max value="*"/><type><code value="CodeableConcept"/></type></element><element id="SubstanceModel.version"><path value="SubstanceModel.version"/><short value="business version of the product"/><definition value="business version of the product"/><min value="0"/><max value="1"/><type><code value="string"/></type></element><element id="SubstanceModel.regulatoryStatus"><path value="SubstanceModel.regulatoryStatus"/><short value="active non active"/><definition value="active non active"/><min value="0"/><max value="1"/><type><code value="string"/></type></element><element id="SubstanceModel.domain"><path value="SubstanceModel.domain"/><short value="human or veterinary"/><definition value="human or veterinary"/><min value="0"/><max value="1"/><type><code value="string"/></type></element><element id="SubstanceModel.indication"><path value="SubstanceModel.indication"/><short value="indication of the product"/><definition value="human or veterinary"/><min value="0"/><max value="*"/><type><code value="CodeableConcept"/></type></element><element id="SubstanceModel.associatedCondition"><path value="SubstanceModel.associatedCondition"/><short value="associated conditions"/><definition value="associated conditions"/><min value="0"/><max value="*"/><type><code value="CodeableConcept"/></type></element><element id="SubstanceModel.name"><path value="SubstanceModel.name"/><short value="Product Name"/><definition value="Product Name"/><min value="1"/><max value="*"/><type><code value="BackboneElement"/></type></element><element id="SubstanceModel.name.productName"><path value="SubstanceModel.name.productName"/><short value="actual name of the product"/><definition value="actual name of the product"/><min value="1"/><max value="1"/><type><code value="string"/></type></element><element id="SubstanceModel.name.type"><path value="SubstanceModel.name.type"/><short value="type of naming"/><definition value="type of naming"/><min value="1"/><max value="1"/><type><code value="CodeableConcept"/></type></element><element id="SubstanceModel.name.namePart"><path value="SubstanceModel.name.namePart"/><short value="selecting parts of name for inteligeble purposes"/><definition value="selecting parts of name for inteligeble purposes"/><min value="0"/><max value="*"/><type><code value="BackboneElement"/></type></element><element id="SubstanceModel.name.namePart.part"><path value="SubstanceModel.name.namePart.part"/><short value="part of name"/><definition value="part of name"/><min value="1"/><max value="1"/><type><code value="string"/></type></element><element id="SubstanceModel.name.namePart.type"><path value="SubstanceModel.name.namePart.type"/><short value="type of elemente defining -strength, pharmaceutical form, etc"/><definition value="type of elemente defining -strength, pharmaceutical form, etc"/><min value="1"/><max value="1"/><type><code value="CodeableConcept"/></type></element><element id="SubstanceModel.name.countryLanguage"><path value="SubstanceModel.name.countryLanguage"/><short value="country for which country the name is defined"/><definition value="country for which country the name is defined"/><min value="0"/><max value="*"/><type><code value="BackboneElement"/></type></element><element id="SubstanceModel.name.countryLanguage.country"><path value="SubstanceModel.name.countryLanguage.country"/><short value="country"/><definition value="country"/><min value="1"/><max value="1"/><type><code value="CodeableConcept"/></type></element><element id="SubstanceModel.name.countryLanguage.jurisdiction"><path value="SubstanceModel.name.countryLanguage.jurisdiction"/><short value="jurisdiction that applies"/><definition value="jurisdiction that applies"/><min value="0"/><max value="1"/><type><code value="CodeableConcept"/></type></element><element id="SubstanceModel.name.countryLanguage.language"><path value="SubstanceModel.name.countryLanguage.language"/><short value="language applicable"/><definition value="language applicable"/><min value="1"/><max value="1"/><type><code value="CodeableConcept"/></type></element><element id="SubstanceModel.granularity"><path value="SubstanceModel.granularity"/><short value="level of product, substance, pharmaceutical product, medicinal product or packaged medicinal product"/><definition value="level of product, substance, pharmaceutical product, medicinal product or packaged medicinal product"/><min value="0"/><max value="1"/><type><code value="CodeableConcept"/></type></element><element id="SubstanceModel.mechanismOfAction"><path value="SubstanceModel.mechanismOfAction"/><short value="mechanism of action of drug"/><definition value="mechanism of action of drug"/><min value="0"/><max value="1"/><type><code value="string"/></type></element><element id="SubstanceModel.drugType"><path value="SubstanceModel.drugType"/><short value="type of drug - small molecule, biologic, etc"/><definition value="type of drug - small molecule, biologic, etc"/><min value="0"/><max value="1"/><type><code value="string"/></type></element><element id="SubstanceModel.sideEffects"><path value="SubstanceModel.sideEffects"/><short value="side effects known"/><definition value="side effects known"/><min value="0"/><max value="*"/><type><code value="CodeableConcept"/></type></element><element id="SubstanceModel.interactions"><path value="SubstanceModel.interactions"/><short value="known interactions"/><definition value="known interactions"/><min value="0"/><max value="*"/><type><code value="BackboneElement"/></type></element><element id="SubstanceModel.interactions.type"><path value="SubstanceModel.interactions.type"/><short value="type of interaction"/><definition value="type of interaction"/><min value="1"/><max value="1"/><type><code value="string"/></type></element><element id="SubstanceModel.interactions.substance"><path value="SubstanceModel.interactions.substance"/><short value="product"/><definition value="product"/><min value="1"/><max value="1"/><type><code value="Reference"/><targetProfile value="http://hl7.org/fhir/StructureDefinition/MedicationKnowledge"/></type></element><element id="SubstanceModel.interactions.reaction"><path value="SubstanceModel.interactions.reaction"/><short value="what is the reaction"/><definition value="what is the reaction"/><min value="0"/><max value="1"/><type><code value="string"/></type></element><element id="SubstanceModel.interactions.riskLevel"><path value="SubstanceModel.interactions.riskLevel"/><short value="level of risk"/><definition value="level of risk"/><min value="0"/><max value="1"/><type><code value="string"/></type></element><element id="SubstanceModel.interactions.clinicalIssue"><path value="SubstanceModel.interactions.clinicalIssue"/><short value="reference for clinicalIssue"/><definition value="reference for clinicalIssue"/><min value="0"/><max value="*"/><type><code value="Reference"/><targetProfile value="http://hl7.org/fhir/StructureDefinition/DetectedIssue"/></type></element><element id="SubstanceModel.contraIndication"><path value="SubstanceModel.contraIndication"/><short value="contraindication"/><definition value="contraindication"/><min value="0"/><max value="*"/><type><code value="CodeableConcept"/></type></element><element id="SubstanceModel.monograph"><path value="SubstanceModel.monograph"/><short value="Associated documentation about the medication"/><definition value="Associated documentation about the medication"/><min value="0"/><max value="*"/><type><code value="Reference"/><targetProfile value="http://hl7.org/fhir/StructureDefinition/DocumentReference"/></type></element><element id="SubstanceModel.masterfile"><path value="SubstanceModel.masterfile"/><short value="masterfile from where the product comes from"/><definition value="masterfile from where the product comes from"/><min value="0"/><max value="*"/><type><code value="Reference"/><targetProfile value="http://hl7.org/fhir/StructureDefinition/DocumentReference"/></type></element><element id="SubstanceModel.classification"><path value="SubstanceModel.classification"/><short value="drug classification, atc, internal, etc"/><definition value="drug classification, atc, internal, etc"/><min value="0"/><max value="*"/><type><code value="CodeableConcept"/></type></element><element id="SubstanceModel.drugCharacteristics"><path value="SubstanceModel.drugCharacteristics"/><short value="characteristics for drug, opioid, etc"/><definition value="characteristics for drug, opioid, etc"/><min value="0"/><max value="*"/><type><code value="CodeableConcept"/></type></element><element id="SubstanceModel.marketingAuthorization"><path value="SubstanceModel.marketingAuthorization"/><short value="marketing auhtorization of product"/><definition value="marketing auhtorization of product"/><min value="0"/><max value="1"/><type><code value="Reference"/></type></element><element id="SubstanceModel.marketingAuthorizationHolder"><path value="SubstanceModel.marketingAuthorizationHolder"/><short value="holder of the marketing authorization"/><definition value="holder of the marketing authorization"/><min value="0"/><max value="*"/><type><code value="Reference"/><targetProfile value="http://hl7.org/fhir/StructureDefinition/Organization"/></type></element></differential></StructureDefinition>