<?xml version="1.0" encoding="UTF-8"?><ValueSet xmlns="http://hl7.org/fhir"><id value="role-medication-vs"/><text><status value="generated"/><div xmlns="http://www.w3.org/1999/xhtml"><ul><li>Include all codes defined in <code>http://hl7.org/fhir/example/CodeSystem/roleCS</code></li></ul></div></text><url value="http://hl7.org/fhir/us/example/ValueSet/role-medication-vs"/><version value="0.1.0"/><name value="RoleMedicationVS"/><title value="Ingredient role Value Set"/><status value="active"/><date value="2022-01-26T15:09:20+00:00"/><description value="Indicates the role that an ingredient takes into a product"/><compose><include><system value="http://hl7.org/fhir/example/CodeSystem/roleCS"/></include></compose></ValueSet>