<?xml version="1.0" encoding="UTF-8"?><ValueSet xmlns="http://hl7.org/fhir"><id value="granularity-vs"/><text><status value="generated"/><div xmlns="http://www.w3.org/1999/xhtml"><ul><li>Include these codes as defined in <a href="CodeSystem-drug-cs.html"><code>http://terminology.hl7.org/CodeSystem/medicineCS</code></a><table class="none"><tr><td style="white-space:nowrap"><b>Code</b></td><td><b>Display</b></td></tr><tr><td><a href="CodeSystem-drug-cs.html#drug-cs-subs">subs</a></td><td>Substance</td></tr><tr><td><a href="CodeSystem-drug-cs.html#drug-cs-MEDPROD">MEDPROD</a></td><td>med product</td></tr><tr><td><a href="CodeSystem-drug-cs.html#drug-cs-MEDPACKPROD">MEDPACKPROD</a></td><td>package product</td></tr><tr><td><a href="CodeSystem-drug-cs.html#drug-cs-PHARMPROD">PHARMPROD</a></td><td>pharmaceutical product</td></tr></table></li></ul></div></text><url value="http://hl7.org/fhir/us/example/ValueSet/granularity-vs"/><version value="0.1.0"/><name value="GranularityVS"/><title value="Granularity Value Set"/><status value="active"/><date value="2021-08-23T12:09:47+00:00"/><description value="Indicates the granularity of product"/><compose><include><system value="http://terminology.hl7.org/CodeSystem/medicineCS"/><concept><code value="subs"/><display value="Substance"/></concept><concept><code value="MEDPROD"/><display value="med product"/></concept><concept><code value="MEDPACKPROD"/><display value="package product"/></concept><concept><code value="PHARMPROD"/></concept></include></compose></ValueSet>