<?xml version="1.0" encoding="UTF-8"?><ValueSet xmlns="http://hl7.org/fhir"><id value="be-marketingauthorization-vs"/><text><status value="generated"/><div xmlns="http://www.w3.org/1999/xhtml"><ul><li>Include all codes defined in <a href="CodeSystem-be-marketingauthorization-cs.html"><code>http://hl7.org/fhir/us/example/CodeSystem/be-marketingauthorization-cs</code></a></li></ul></div></text><url value="http://hl7.org/fhir/us/example/ValueSet/be-marketingauthorization-vs"/><version value="0.1.0"/><name value="BeMAVS"/><title value="Marketing Authorization Value Set"/><status value="active"/><date value="2022-01-27T15:29:00+00:00"/><description value="Indicates the Marketing Authorization for product"/><compose><include><system value="http://hl7.org/fhir/us/example/CodeSystem/be-marketingauthorization-cs"/></include></compose></ValueSet>