{"resourceType":"CodeSystem","id":"be-marketingauthorization-cs","text":{"status":"generated","div":"<div xmlns=\"http://www.w3.org/1999/xhtml\"><p>This code system http://hl7.org/fhir/us/example/CodeSystem/be-marketingauthorization-cs defines the following codes:</p><table class=\"codes\"><tr><td style=\"white-space:nowrap\"><b>Code</b></td><td><b>Display</b></td></tr><tr><td style=\"white-space:nowrap\">000001<a name=\"be-marketingauthorization-cs-000001\"> </a></td><td>Authorization</td></tr></table></div>"},"url":"http://hl7.org/fhir/us/example/CodeSystem/be-marketingauthorization-cs","version":"0.1.0","name":"BeMACS","title":"Marketing Authorization Code System","status":"active","date":"2022-01-27T17:42:33+00:00","description":"Codes for Marketing Authorization","content":"complete","count":1,"concept":[{"code":"000001","display":"Authorization"}]}