{"resourceType":"CodeSystem","id":"type-med-class-cs","text":{"status":"generated","div":"<div xmlns=\"http://www.w3.org/1999/xhtml\"><p>This code system http://terminology.hl7.org/CodeSystem/medicineClassification defines the following codes:</p><table class=\"codes\"><tr><td style=\"white-space:nowrap\"><b>Code</b></td><td><b>Display</b></td></tr><tr><td style=\"white-space:nowrap\">IND<a name=\"type-med-class-cs-IND\"> </a></td><td>Indication</td></tr><tr><td style=\"white-space:nowrap\">ASSOCCOND<a name=\"type-med-class-cs-ASSOCCOND\"> </a></td><td>Associated Condition</td></tr><tr><td style=\"white-space:nowrap\">MECHAACTION<a name=\"type-med-class-cs-MECHAACTION\"> </a></td><td>Mechanism of Action</td></tr></table></div>"},"url":"http://terminology.hl7.org/CodeSystem/medicineClassification","version":"0.1.0","name":"MedicineClassificationCS","title":"Types of Medicine Classification Value Set","status":"active","date":"2022-01-25T17:23:33+00:00","description":"Values for classificating medicines","content":"complete","count":3,"concept":[{"code":"IND","display":"Indication"},{"code":"ASSOCCOND","display":"Associated Condition"},{"code":"MECHAACTION","display":"Mechanism of Action"}]}