{"resourceType":"ImplementationGuide","id":"medication.ig.example","text":{"status":"extensions","div":"<div xmlns=\"http://www.w3.org/1999/xhtml\"><h2>medicationIG</h2><p>The official URL for this implementation guide is: </p><pre>http://hl7.org/fhir/us/example/ImplementationGuide/medication.ig.example</pre></div>"},"url":"http://hl7.org/fhir/us/example/ImplementationGuide/medication.ig.example","version":"0.1.0","name":"medicationIG","status":"draft","date":"2021-10-08T17:20:30+00:00","packageId":"medication.ig.example","license":"CC0-1.0","fhirVersion":["4.0.1"],"definition":{"extension":[{"extension":[{"url":"code","valueString":"copyrightyear"},{"url":"value","valueString":"2021+"}],"url":"http://hl7.org/fhir/tools/StructureDefinition/ig-parameter"},{"extension":[{"url":"code","valueString":"releaselabel"},{"url":"value","valueString":"ci-build"}],"url":"http://hl7.org/fhir/tools/StructureDefinition/ig-parameter"},{"extension":[{"url":"code","valueString":"path-history"},{"url":"value","valueString":"http://hl7.org/fhir/us/example/history.html"}],"url":"http://hl7.org/fhir/tools/StructureDefinition/ig-parameter"},{"extension":[{"url":"code","valueString":"path-liquid"},{"url":"value","valueString":"template/liquid"}],"url":"http://hl7.org/fhir/tools/StructureDefinition/ig-parameter"},{"extension":[{"url":"code","valueString":"path-liquid"},{"url":"value","valueString":"input/liquid"}],"url":"http://hl7.org/fhir/tools/StructureDefinition/ig-parameter"},{"extension":[{"url":"code","valueString":"path-qa"},{"url":"value","valueString":"temp/qa"}],"url":"http://hl7.org/fhir/tools/StructureDefinition/ig-parameter"},{"extension":[{"url":"code","valueString":"path-temp"},{"url":"value","valueString":"temp/pages"}],"url":"http://hl7.org/fhir/tools/StructureDefinition/ig-parameter"},{"extension":[{"url":"code","valueString":"path-output"},{"url":"value","valueString":"output"}],"url":"http://hl7.org/fhir/tools/StructureDefinition/ig-parameter"},{"extension":[{"url":"code","valueString":"path-suppressed-warnings"},{"url":"value","valueString":"input/ignoreWarnings.txt"}],"url":"http://hl7.org/fhir/tools/StructureDefinition/ig-parameter"},{"extension":[{"url":"code","valueString":"template-html"},{"url":"value","valueString":"template-page.html"}],"url":"http://hl7.org/fhir/tools/StructureDefinition/ig-parameter"},{"extension":[{"url":"code","valueString":"template-md"},{"url":"value","valueString":"template-page-md.html"}],"url":"http://hl7.org/fhir/tools/StructureDefinition/ig-parameter"},{"extension":[{"url":"code","valueString":"apply-contact"},{"url":"value","valueString":"true"}],"url":"http://hl7.org/fhir/tools/StructureDefinition/ig-parameter"},{"extension":[{"url":"code","valueString":"apply-context"},{"url":"value","valueString":"true"}],"url":"http://hl7.org/fhir/tools/StructureDefinition/ig-parameter"},{"extension":[{"url":"code","valueString":"apply-copyright"},{"url":"value","valueString":"true"}],"url":"http://hl7.org/fhir/tools/StructureDefinition/ig-parameter"},{"extension":[{"url":"code","valueString":"apply-jurisdiction"},{"url":"value","valueString":"true"}],"url":"http://hl7.org/fhir/tools/StructureDefinition/ig-parameter"},{"extension":[{"url":"code","valueString":"apply-license"},{"url":"value","valueString":"true"}],"url":"http://hl7.org/fhir/tools/StructureDefinition/ig-parameter"},{"extension":[{"url":"code","valueString":"apply-publisher"},{"url":"value","valueString":"true"}],"url":"http://hl7.org/fhir/tools/StructureDefinition/ig-parameter"},{"extension":[{"url":"code","valueString":"apply-version"},{"url":"value","valueString":"true"}],"url":"http://hl7.org/fhir/tools/StructureDefinition/ig-parameter"},{"extension":[{"url":"code","valueString":"active-tables"},{"url":"value","valueString":"true"}],"url":"http://hl7.org/fhir/tools/StructureDefinition/ig-parameter"}],"grouping":[{"id":"-str-logicalmodel","name":"Structures: Logical Models","description":"These define data models that represent the domain covered by this implementation guide in more business-friendly terms than the underlying FHIR resources."},{"id":"-str-profile","name":"Structures: Resource Profiles","description":"These define constraints on FHIR resources for systems conforming to this implementation guide"},{"id":"-term-valueset","name":"Terminology: Value Sets","description":"These define sets of codes used by systems conforming to this implementation guide"},{"id":"-term-codesystem","name":"Terminology: Code Systems","description":"These define new code systems used by systems conforming to this implementation guide"},{"id":"-ex-example","name":"Example: Example Instances","description":"These are example instances that show what data produced and consumed by systems conforming with this implementation guide might look like"}],"resource":[{"extension":[{"url":"http://hl7.org/fhir/StructureDefinition/implementationguide-page","valueUri":"StructureDefinition-BeVmpGroup.html"}],"reference":{"reference":"StructureDefinition/BeVmpGroup"},"name":"BeVmpGroup","exampleBoolean":false,"groupingId":"-str-profile"},{"extension":[{"url":"http://hl7.org/fhir/StructureDefinition/implementationguide-page","valueUri":"StructureDefinition-MedicinalProduct.html"}],"reference":{"reference":"StructureDefinition/MedicinalProduct"},"name":"MedicinalProduct","exampleBoolean":false,"groupingId":"-str-profile"},{"extension":[{"url":"http://hl7.org/fhir/StructureDefinition/implementationguide-page","valueUri":"StructureDefinition-PackagedMedicinalProduct.html"}],"reference":{"reference":"StructureDefinition/PackagedMedicinalProduct"},"name":"PackagedMedicinalProduct","exampleBoolean":false,"groupingId":"-str-profile"},{"extension":[{"url":"http://hl7.org/fhir/StructureDefinition/implementationguide-page","valueUri":"StructureDefinition-PharmaceuticalProduct.html"}],"reference":{"reference":"StructureDefinition/PharmaceuticalProduct"},"name":"PharmaceuticalProduct","exampleBoolean":false,"groupingId":"-str-profile"},{"extension":[{"url":"http://hl7.org/fhir/StructureDefinition/implementationguide-page","valueUri":"StructureDefinition-Substance.html"}],"reference":{"reference":"StructureDefinition/Substance"},"name":"Substance","exampleBoolean":false,"groupingId":"-str-profile"},{"extension":[{"url":"http://hl7.org/fhir/StructureDefinition/implementationguide-page","valueUri":"StructureDefinition-VMP.html"}],"reference":{"reference":"StructureDefinition/VMP"},"name":"VMP","exampleBoolean":false,"groupingId":"-str-profile"},{"extension":[{"url":"http://hl7.org/fhir/StructureDefinition/implementationguide-page","valueUri":"StructureDefinition-VirtualPackagedPharmaceuticalProduct.html"}],"reference":{"reference":"StructureDefinition/VirtualPackagedPharmaceuticalProduct"},"name":"VirtualPackagedPharmaceuticalProduct","exampleBoolean":false,"groupingId":"-str-profile"},{"extension":[{"url":"http://hl7.org/fhir/StructureDefinition/implementationguide-page","valueUri":"StructureDefinition-PharmaceuticalProdut.html"}],"reference":{"reference":"StructureDefinition/PharmaceuticalProdut"},"name":"Pharmaceutical Product logical model","description":"Pharmaceutical Product logical model","exampleBoolean":false,"groupingId":"-str-logicalmodel"},{"extension":[{"url":"http://hl7.org/fhir/StructureDefinition/implementationguide-page","valueUri":"StructureDefinition-SubstanceModel.html"}],"reference":{"reference":"StructureDefinition/SubstanceModel"},"name":"Substance logical model","description":"Substance logical model","exampleBoolean":false,"groupingId":"-str-logicalmodel"},{"extension":[{"url":"http://hl7.org/fhir/StructureDefinition/implementationguide-page","valueUri":"StructureDefinition-VirtualPackagePharmaceuticalProduct.html"}],"reference":{"reference":"StructureDefinition/VirtualPackagePharmaceuticalProduct"},"name":"VMPP logical model","description":"VMPP logical model.","exampleBoolean":false,"groupingId":"-str-logicalmodel"},{"extension":[{"url":"http://hl7.org/fhir/StructureDefinition/implementationguide-page","valueUri":"StructureDefinition-VirtualPharmaceuticalProdut.html"}],"reference":{"reference":"StructureDefinition/VirtualPharmaceuticalProdut"},"name":"Virtual Pharmaceutical Product logical model","description":"Virtual Pharmaceutical Product logical model","exampleBoolean":false,"groupingId":"-str-logicalmodel"},{"extension":[{"url":"http://hl7.org/fhir/StructureDefinition/implementationguide-page","valueUri":"StructureDefinition-VirtualPharmaceuticalProdutGroup.html"}],"reference":{"reference":"StructureDefinition/VirtualPharmaceuticalProdutGroup"},"name":"Virtual Pharmaceutical Product Group logical model","description":"Virtual Pharmaceutical Product Group logical model","exampleBoolean":false,"groupingId":"-str-logicalmodel"},{"extension":[{"url":"http://hl7.org/fhir/StructureDefinition/implementationguide-page","valueUri":"ValueSet-be-granularity-vs.html"}],"reference":{"reference":"ValueSet/be-granularity-vs"},"name":"Be Granularity Value Set","description":"Indicates the granularity of product","exampleBoolean":false,"groupingId":"-term-valueset"},{"extension":[{"url":"http://hl7.org/fhir/StructureDefinition/implementationguide-page","valueUri":"ValueSet-granularity-vs.html"}],"reference":{"reference":"ValueSet/granularity-vs"},"name":"Granularity Value Set","description":"Indicates the granularity of product","exampleBoolean":false,"groupingId":"-term-valueset"},{"extension":[{"url":"http://hl7.org/fhir/StructureDefinition/implementationguide-page","valueUri":"CodeSystem-beMedCS.html"}],"reference":{"reference":"CodeSystem/beMedCS"},"name":"Drug Code System","description":"Codes for belgian medicine level ","exampleBoolean":false,"groupingId":"-term-codesystem"},{"extension":[{"url":"http://hl7.org/fhir/StructureDefinition/implementationguide-page","valueUri":"CodeSystem-drug-char-cs.html"}],"reference":{"reference":"CodeSystem/drug-char-cs"},"name":"Drug charachteristisc Code System","description":"Codes for drugCharacteristic","exampleBoolean":false,"groupingId":"-term-codesystem"},{"extension":[{"url":"http://hl7.org/fhir/StructureDefinition/implementationguide-page","valueUri":"CodeSystem-type-med-class-cs.html"}],"reference":{"reference":"CodeSystem/type-med-class-cs"},"name":"Types of Medicine Classification Value Set","description":"Values for classificating medicines","exampleBoolean":false,"groupingId":"-term-codesystem"},{"extension":[{"url":"http://hl7.org/fhir/StructureDefinition/implementationguide-page","valueUri":"CodeSystem-medics.html"}],"reference":{"reference":"CodeSystem/medics"},"name":"Drug Code System","description":"Codes for medicine level","exampleBoolean":false,"groupingId":"-term-codesystem"},{"extension":[{"url":"http://hl7.org/fhir/StructureDefinition/implementationguide-page","valueUri":"CodeSystem-rel-med-cs.html"}],"reference":{"reference":"CodeSystem/rel-med-cs"},"name":"RelatedMedicationKnowledgeCS","exampleBoolean":false,"groupingId":"-term-codesystem"},{"extension":[{"url":"http://hl7.org/fhir/StructureDefinition/implementationguide-page","valueUri":"MedicationKnowledge-be-substance.html"}],"reference":{"reference":"MedicationKnowledge/be-substance"},"name":"Example of a substance for be market","description":"Example of a substance for be market","exampleCanonical":"http://hl7.org/fhir/us/example/StructureDefinition/Substance","groupingId":"-ex-example"},{"extension":[{"url":"http://hl7.org/fhir/StructureDefinition/implementationguide-page","valueUri":"MedicationKnowledge-be-vmpgroup.html"}],"reference":{"reference":"MedicationKnowledge/be-vmpgroup"},"name":"Example of VMP group","description":"Example of a VMP group","exampleCanonical":"http://hl7.org/fhir/us/example/StructureDefinition/BeVmpGroup","groupingId":"-ex-example"},{"extension":[{"url":"http://hl7.org/fhir/StructureDefinition/implementationguide-page","valueUri":"MedicationKnowledge-example-0-of-drug-med.html"}],"reference":{"reference":"MedicationKnowledge/example-0-of-drug-med"},"name":"Example of drug with granularity 0","description":"Example of a drug with granularity 0","exampleCanonical":"http://hl7.org/fhir/us/example/StructureDefinition/Substance","groupingId":"-ex-example"},{"extension":[{"url":"http://hl7.org/fhir/StructureDefinition/implementationguide-page","valueUri":"MedicationKnowledge-example-1-of-drug-med.html"}],"reference":{"reference":"MedicationKnowledge/example-1-of-drug-med"},"name":"Example of drug with granularity 1","description":"Example of a drug with granularity 1","exampleCanonical":"http://hl7.org/fhir/us/example/StructureDefinition/PharmaceuticalProduct","groupingId":"-ex-example"},{"extension":[{"url":"http://hl7.org/fhir/StructureDefinition/implementationguide-page","valueUri":"MedicationKnowledge-example-2-of-drug-med.html"}],"reference":{"reference":"MedicationKnowledge/example-2-of-drug-med"},"name":"Example of drug with granularity 2","description":"Example of a drug with granularity 2","exampleCanonical":"http://hl7.org/fhir/us/example/StructureDefinition/MedicinalProduct","groupingId":"-ex-example"},{"extension":[{"url":"http://hl7.org/fhir/StructureDefinition/implementationguide-page","valueUri":"MedicationKnowledge-example-3-of-drug-med.html"}],"reference":{"reference":"MedicationKnowledge/example-3-of-drug-med"},"name":"Example of drug with granularity 3","description":"Example of a drug with granularity 3","exampleCanonical":"http://hl7.org/fhir/us/example/StructureDefinition/PackagedMedicinalProduct","groupingId":"-ex-example"},{"extension":[{"url":"http://hl7.org/fhir/StructureDefinition/implementationguide-page","valueUri":"MedicationKnowledge-vmp-1.html"}],"reference":{"reference":"MedicationKnowledge/vmp-1"},"name":"Example of VMP","description":"Example of a VMP","exampleCanonical":"http://hl7.org/fhir/us/example/StructureDefinition/VMP","groupingId":"-ex-example"}],"page":{"nameUrl":"toc.html","title":"Table of Contents","generation":"html","page":[{"nameUrl":"index.html","title":"Home","generation":"markdown"},{"nameUrl":"download.html","title":"Download","generation":"html"},{"nameUrl":"Resources-relations.html","title":"Resources Relations","generation":"markdown"},{"nameUrl":"artifacts.html","title":"Artifacts Summary","generation":"html","page":[{"nameUrl":"StructureDefinition-PharmaceuticalProdut.html","title":"Pharmaceutical Product logical model","generation":"generated"},{"nameUrl":"StructureDefinition-SubstanceModel.html","title":"Substance logical model","generation":"generated"},{"nameUrl":"StructureDefinition-VirtualPackagePharmaceuticalProduct.html","title":"VMPP logical model","generation":"generated"},{"nameUrl":"StructureDefinition-VirtualPharmaceuticalProdut.html","title":"Virtual Pharmaceutical Product logical model","generation":"generated"},{"nameUrl":"StructureDefinition-VirtualPharmaceuticalProdutGroup.html","title":"Virtual Pharmaceutical Product Group logical model","generation":"generated"},{"nameUrl":"StructureDefinition-BeVmpGroup.html","title":"BeVmpGroup","generation":"generated"},{"nameUrl":"StructureDefinition-MedicinalProduct.html","title":"MedicinalProduct","generation":"generated"},{"nameUrl":"StructureDefinition-PackagedMedicinalProduct.html","title":"PackagedMedicinalProduct","generation":"generated"},{"nameUrl":"StructureDefinition-PharmaceuticalProduct.html","title":"PharmaceuticalProduct","generation":"generated"},{"nameUrl":"StructureDefinition-Substance.html","title":"Substance","generation":"generated"},{"nameUrl":"StructureDefinition-VMP.html","title":"VMP","generation":"generated"},{"nameUrl":"StructureDefinition-VirtualPackagedPharmaceuticalProduct.html","title":"VirtualPackagedPharmaceuticalProduct","generation":"generated"},{"nameUrl":"ValueSet-be-granularity-vs.html","title":"Be Granularity Value Set","generation":"generated"},{"nameUrl":"ValueSet-granularity-vs.html","title":"Granularity Value Set","generation":"generated"},{"nameUrl":"CodeSystem-beMedCS.html","title":"Drug Code System","generation":"generated"},{"nameUrl":"CodeSystem-drug-char-cs.html","title":"Drug charachteristisc Code System","generation":"generated"},{"nameUrl":"CodeSystem-type-med-class-cs.html","title":"Types of Medicine Classification Value Set","generation":"generated"},{"nameUrl":"CodeSystem-medics.html","title":"Drug Code System","generation":"generated"},{"nameUrl":"CodeSystem-rel-med-cs.html","title":"RelatedMedicationKnowledgeCS","generation":"generated"},{"nameUrl":"MedicationKnowledge-be-substance.html","title":"Example of a substance for be market","generation":"generated"},{"nameUrl":"MedicationKnowledge-be-vmpgroup.html","title":"Example of VMP group","generation":"generated"},{"nameUrl":"MedicationKnowledge-example-0-of-drug-med.html","title":"Example of drug with granularity 0","generation":"generated"},{"nameUrl":"MedicationKnowledge-example-1-of-drug-med.html","title":"Example of drug with granularity 1","generation":"generated"},{"nameUrl":"MedicationKnowledge-example-2-of-drug-med.html","title":"Example of drug with granularity 2","generation":"generated"},{"nameUrl":"MedicationKnowledge-example-3-of-drug-med.html","title":"Example of drug with granularity 3","generation":"generated"},{"nameUrl":"MedicationKnowledge-vmp-1.html","title":"Example of VMP","generation":"generated"}]}]},"parameter":[{"code":"path-resource","value":"input/capabilities"},{"code":"path-resource","value":"input/examples"},{"code":"path-resource","value":"input/extensions"},{"code":"path-resource","value":"input/models"},{"code":"path-resource","value":"input/operations"},{"code":"path-resource","value":"input/profiles"},{"code":"path-resource","value":"input/resources"},{"code":"path-resource","value":"input/vocabulary"},{"code":"path-resource","value":"input/maps"},{"code":"path-resource","value":"input/testing"},{"code":"path-resource","value":"input/history"},{"code":"path-resource","value":"fsh-generated/resources"},{"code":"path-pages","value":"template/config"},{"code":"path-pages","value":"input/images"},{"code":"path-tx-cache","value":"input-cache/txcache"}]}}