{"resourceType":"StructureDefinition","id":"VirtualPharmaceuticalProdutGroup","text":{"status":"extensions","div":"<div xmlns=\"http://www.w3.org/1999/xhtml\"><table border=\"0\" cellpadding=\"0\" cellspacing=\"0\" style=\"border: 0px #F0F0F0 solid; font-size: 11px; font-family: verdana; vertical-align: top;\"><tr style=\"border: 1px #F0F0F0 solid; font-size: 11px; font-family: verdana; vertical-align: top\"><th style=\"vertical-align: top; text-align : left; background-color: white; border: 0px #F0F0F0 solid; padding:0px 4px 0px 4px\" class=\"hierarchy\"><a href=\"http://hl7.org/fhir/R4/formats.html#table\" title=\"The logical name of the element\">Name</a></th><th style=\"vertical-align: top; text-align : left; background-color: white; border: 0px #F0F0F0 solid; padding:0px 4px 0px 4px\" class=\"hierarchy\"><a href=\"http://hl7.org/fhir/R4/formats.html#table\" title=\"Information about the use of the element\">Flags</a></th><th style=\"vertical-align: top; text-align : left; background-color: white; border: 0px #F0F0F0 solid; padding:0px 4px 0px 4px\" class=\"hierarchy\"><a href=\"http://hl7.org/fhir/R4/formats.html#table\" title=\"Minimum and Maximum # of times the the element can appear in the instance\">Card.</a></th><th style=\"width: 100px\" class=\"hierarchy\"><a href=\"http://hl7.org/fhir/R4/formats.html#table\" title=\"Reference to the type of the element\">Type</a></th><th style=\"vertical-align: top; text-align : left; background-color: white; border: 0px #F0F0F0 solid; padding:0px 4px 0px 4px\" class=\"hierarchy\"><a href=\"http://hl7.org/fhir/R4/formats.html#table\" title=\"Additional information about the element\">Description &amp; Constraints</a><span style=\"float: right\"><a href=\"http://hl7.org/fhir/R4/formats.html#table\" title=\"Legend for this format\"><img src=\"http://hl7.org/fhir/R4/help16.png\" alt=\"doco\" style=\"background-color: inherit\"/></a></span></th></tr><tr style=\"border: 0px #F0F0F0 solid; padding:0px; vertical-align: top; background-color: white\"><td style=\"vertical-align: top; text-align : left; background-color: white; border: 0px #F0F0F0 solid; padding:0px 4px 0px 4px; white-space: nowrap; background-image: url(tbl_bck1.png)\" class=\"hierarchy\"><img src=\"tbl_spacer.png\" alt=\".\" style=\"background-color: inherit\" class=\"hierarchy\"/><img src=\"icon_element.gif\" alt=\".\" style=\"background-color: white; background-color: inherit\" title=\"Element\" class=\"hierarchy\"/> <a href=\"StructureDefinition-VirtualPharmaceuticalProdutGroup-definitions.html#VirtualPharmaceuticalProdutGroup\" title=\"Virtual Pharmaceutical Product Group logical model\">VirtualPharmaceuticalProdutGroup</a><a name=\"VirtualPharmaceuticalProdutGroup\"> </a></td><td style=\"vertical-align: top; text-align : left; background-color: white; border: 0px #F0F0F0 solid; padding:0px 4px 0px 4px\" class=\"hierarchy\"/><td style=\"vertical-align: top; text-align : left; background-color: white; border: 0px #F0F0F0 solid; padding:0px 4px 0px 4px\" class=\"hierarchy\"><span style=\"opacity: 0.5\">0</span><span style=\"opacity: 0.5\">..</span><span style=\"opacity: 0.5\">*</span></td><td style=\"vertical-align: top; text-align : left; background-color: white; border: 0px #F0F0F0 solid; padding:0px 4px 0px 4px\" class=\"hierarchy\"/><td style=\"vertical-align: top; text-align : left; background-color: white; border: 0px #F0F0F0 solid; padding:0px 4px 0px 4px\" class=\"hierarchy\">Virtual Pharmaceutical Product Group logical model</td></tr>\r\n<tr style=\"border: 0px #F0F0F0 solid; padding:0px; vertical-align: top; background-color: #F7F7F7\"><td style=\"vertical-align: top; text-align : left; background-color: #F7F7F7; border: 0px #F0F0F0 solid; padding:0px 4px 0px 4px; white-space: nowrap; background-image: url(tbl_bck10.png)\" class=\"hierarchy\"><img src=\"tbl_spacer.png\" alt=\".\" style=\"background-color: inherit\" class=\"hierarchy\"/><img src=\"tbl_vjoin.png\" alt=\".\" style=\"background-color: inherit\" class=\"hierarchy\"/><img src=\"icon_datatype.gif\" alt=\".\" style=\"background-color: #F7F7F7; background-color: inherit\" title=\"Data Type\" class=\"hierarchy\"/> <a href=\"StructureDefinition-VirtualPharmaceuticalProdutGroup-definitions.html#VirtualPharmaceuticalProdutGroup.identifier\" title=\"Business identifier for this medication\">identifier</a><a name=\"VirtualPharmaceuticalProdutGroup.identifier\"> </a></td><td style=\"vertical-align: top; text-align : left; background-color: #F7F7F7; border: 0px #F0F0F0 solid; padding:0px 4px 0px 4px\" class=\"hierarchy\"/><td style=\"vertical-align: top; text-align : left; background-color: #F7F7F7; border: 0px #F0F0F0 solid; padding:0px 4px 0px 4px\" class=\"hierarchy\">0..*</td><td style=\"vertical-align: top; text-align : left; background-color: #F7F7F7; border: 0px #F0F0F0 solid; padding:0px 4px 0px 4px\" class=\"hierarchy\"><a href=\"http://hl7.org/fhir/R4/datatypes.html#Identifier\">Identifier</a></td><td style=\"vertical-align: top; text-align : left; background-color: #F7F7F7; border: 0px #F0F0F0 solid; padding:0px 4px 0px 4px\" class=\"hierarchy\">Business identifier for this medication<br/></td></tr>\r\n<tr style=\"border: 0px #F0F0F0 solid; padding:0px; vertical-align: top; background-color: white\"><td style=\"vertical-align: top; text-align : left; background-color: white; border: 0px #F0F0F0 solid; padding:0px 4px 0px 4px; white-space: nowrap; background-image: url(tbl_bck10.png)\" class=\"hierarchy\"><img src=\"tbl_spacer.png\" alt=\".\" style=\"background-color: inherit\" class=\"hierarchy\"/><img src=\"tbl_vjoin.png\" alt=\".\" style=\"background-color: inherit\" class=\"hierarchy\"/><img src=\"icon_datatype.gif\" alt=\".\" style=\"background-color: white; background-color: inherit\" title=\"Data Type\" class=\"hierarchy\"/> <a href=\"StructureDefinition-VirtualPharmaceuticalProdutGroup-definitions.html#VirtualPharmaceuticalProdutGroup.code\" title=\"Code that identifies this medication\">code</a><a name=\"VirtualPharmaceuticalProdutGroup.code\"> </a></td><td style=\"vertical-align: top; text-align : left; background-color: white; border: 0px #F0F0F0 solid; padding:0px 4px 0px 4px\" class=\"hierarchy\"/><td style=\"vertical-align: top; text-align : left; background-color: white; border: 0px #F0F0F0 solid; padding:0px 4px 0px 4px\" class=\"hierarchy\">0..*</td><td style=\"vertical-align: top; text-align : left; background-color: white; border: 0px #F0F0F0 solid; padding:0px 4px 0px 4px\" class=\"hierarchy\"><a href=\"http://hl7.org/fhir/R4/datatypes.html#CodeableConcept\">CodeableConcept</a></td><td style=\"vertical-align: top; text-align : left; background-color: white; border: 0px #F0F0F0 solid; padding:0px 4px 0px 4px\" class=\"hierarchy\">Code that identifies this medication<br/></td></tr>\r\n<tr style=\"border: 0px #F0F0F0 solid; padding:0px; vertical-align: top; background-color: #F7F7F7\"><td style=\"vertical-align: top; text-align : left; background-color: #F7F7F7; border: 0px #F0F0F0 solid; padding:0px 4px 0px 4px; white-space: nowrap; background-image: url(tbl_bck10.png)\" class=\"hierarchy\"><img src=\"tbl_spacer.png\" alt=\".\" style=\"background-color: inherit\" class=\"hierarchy\"/><img src=\"tbl_vjoin.png\" alt=\".\" style=\"background-color: inherit\" class=\"hierarchy\"/><img src=\"icon_primitive.png\" alt=\".\" style=\"background-color: #F7F7F7; background-color: inherit\" title=\"Primitive Data Type\" class=\"hierarchy\"/> <a href=\"StructureDefinition-VirtualPharmaceuticalProdutGroup-definitions.html#VirtualPharmaceuticalProdutGroup.version\" title=\"business version of the product\">version</a><a name=\"VirtualPharmaceuticalProdutGroup.version\"> </a></td><td style=\"vertical-align: top; text-align : left; background-color: #F7F7F7; border: 0px #F0F0F0 solid; padding:0px 4px 0px 4px\" class=\"hierarchy\"/><td style=\"vertical-align: top; text-align : left; background-color: #F7F7F7; border: 0px #F0F0F0 solid; padding:0px 4px 0px 4px\" class=\"hierarchy\">0..1</td><td style=\"vertical-align: top; text-align : left; background-color: #F7F7F7; border: 0px #F0F0F0 solid; padding:0px 4px 0px 4px\" class=\"hierarchy\"><a href=\"http://hl7.org/fhir/R4/datatypes.html#string\">string</a></td><td style=\"vertical-align: top; text-align : left; background-color: #F7F7F7; border: 0px #F0F0F0 solid; padding:0px 4px 0px 4px\" class=\"hierarchy\">business version of the product</td></tr>\r\n<tr style=\"border: 0px #F0F0F0 solid; padding:0px; vertical-align: top; background-color: white\"><td style=\"vertical-align: top; text-align : left; background-color: white; border: 0px #F0F0F0 solid; padding:0px 4px 0px 4px; white-space: nowrap; background-image: url(tbl_bck10.png)\" class=\"hierarchy\"><img src=\"tbl_spacer.png\" alt=\".\" style=\"background-color: inherit\" class=\"hierarchy\"/><img src=\"tbl_vjoin.png\" alt=\".\" style=\"background-color: inherit\" class=\"hierarchy\"/><img src=\"icon_primitive.png\" alt=\".\" style=\"background-color: white; background-color: inherit\" title=\"Primitive Data Type\" class=\"hierarchy\"/> <a href=\"StructureDefinition-VirtualPharmaceuticalProdutGroup-definitions.html#VirtualPharmaceuticalProdutGroup.regulatoryStatus\" title=\"active non active\">regulatoryStatus</a><a name=\"VirtualPharmaceuticalProdutGroup.regulatoryStatus\"> </a></td><td style=\"vertical-align: top; text-align : left; background-color: white; border: 0px #F0F0F0 solid; padding:0px 4px 0px 4px\" class=\"hierarchy\"/><td style=\"vertical-align: top; text-align : left; background-color: white; border: 0px #F0F0F0 solid; padding:0px 4px 0px 4px\" class=\"hierarchy\">0..1</td><td style=\"vertical-align: top; text-align : left; background-color: white; border: 0px #F0F0F0 solid; padding:0px 4px 0px 4px\" class=\"hierarchy\"><a href=\"http://hl7.org/fhir/R4/datatypes.html#string\">string</a></td><td style=\"vertical-align: top; text-align : left; background-color: white; border: 0px #F0F0F0 solid; padding:0px 4px 0px 4px\" class=\"hierarchy\">active non active</td></tr>\r\n<tr style=\"border: 0px #F0F0F0 solid; padding:0px; vertical-align: top; background-color: #F7F7F7\"><td style=\"vertical-align: top; text-align : left; background-color: #F7F7F7; border: 0px #F0F0F0 solid; padding:0px 4px 0px 4px; white-space: nowrap; background-image: url(tbl_bck10.png)\" class=\"hierarchy\"><img src=\"tbl_spacer.png\" alt=\".\" style=\"background-color: inherit\" class=\"hierarchy\"/><img src=\"tbl_vjoin.png\" alt=\".\" style=\"background-color: inherit\" class=\"hierarchy\"/><img src=\"icon_primitive.png\" alt=\".\" style=\"background-color: #F7F7F7; background-color: inherit\" title=\"Primitive Data Type\" class=\"hierarchy\"/> <a href=\"StructureDefinition-VirtualPharmaceuticalProdutGroup-definitions.html#VirtualPharmaceuticalProdutGroup.domain\" title=\"human or veterinary\">domain</a><a name=\"VirtualPharmaceuticalProdutGroup.domain\"> </a></td><td style=\"vertical-align: top; text-align : left; background-color: #F7F7F7; border: 0px #F0F0F0 solid; padding:0px 4px 0px 4px\" class=\"hierarchy\"/><td style=\"vertical-align: top; text-align : left; background-color: #F7F7F7; border: 0px #F0F0F0 solid; padding:0px 4px 0px 4px\" class=\"hierarchy\">0..1</td><td style=\"vertical-align: top; text-align : left; background-color: #F7F7F7; border: 0px #F0F0F0 solid; padding:0px 4px 0px 4px\" class=\"hierarchy\"><a href=\"http://hl7.org/fhir/R4/datatypes.html#string\">string</a></td><td style=\"vertical-align: top; text-align : left; background-color: #F7F7F7; border: 0px #F0F0F0 solid; padding:0px 4px 0px 4px\" class=\"hierarchy\">human or veterinary</td></tr>\r\n<tr style=\"border: 0px #F0F0F0 solid; padding:0px; vertical-align: top; background-color: white\"><td style=\"vertical-align: top; text-align : left; background-color: white; border: 0px #F0F0F0 solid; padding:0px 4px 0px 4px; white-space: nowrap; background-image: url(tbl_bck10.png)\" class=\"hierarchy\"><img src=\"tbl_spacer.png\" alt=\".\" style=\"background-color: inherit\" class=\"hierarchy\"/><img src=\"tbl_vjoin.png\" alt=\".\" style=\"background-color: inherit\" class=\"hierarchy\"/><img src=\"icon_datatype.gif\" alt=\".\" style=\"background-color: white; background-color: inherit\" title=\"Data Type\" class=\"hierarchy\"/> <a href=\"StructureDefinition-VirtualPharmaceuticalProdutGroup-definitions.html#VirtualPharmaceuticalProdutGroup.indication\" title=\"human or veterinary\">indication</a><a name=\"VirtualPharmaceuticalProdutGroup.indication\"> </a></td><td style=\"vertical-align: top; text-align : left; background-color: white; border: 0px #F0F0F0 solid; padding:0px 4px 0px 4px\" class=\"hierarchy\"/><td style=\"vertical-align: top; text-align : left; background-color: white; border: 0px #F0F0F0 solid; padding:0px 4px 0px 4px\" class=\"hierarchy\">0..*</td><td style=\"vertical-align: top; text-align : left; background-color: white; border: 0px #F0F0F0 solid; padding:0px 4px 0px 4px\" class=\"hierarchy\"><a href=\"http://hl7.org/fhir/R4/datatypes.html#CodeableConcept\">CodeableConcept</a></td><td style=\"vertical-align: top; text-align : left; background-color: white; border: 0px #F0F0F0 solid; padding:0px 4px 0px 4px\" class=\"hierarchy\">indication of the product<br/></td></tr>\r\n<tr style=\"border: 0px #F0F0F0 solid; padding:0px; vertical-align: top; background-color: #F7F7F7\"><td style=\"vertical-align: top; text-align : left; background-color: #F7F7F7; border: 0px #F0F0F0 solid; padding:0px 4px 0px 4px; white-space: nowrap; background-image: url(tbl_bck10.png)\" class=\"hierarchy\"><img src=\"tbl_spacer.png\" alt=\".\" style=\"background-color: inherit\" class=\"hierarchy\"/><img src=\"tbl_vjoin.png\" alt=\".\" style=\"background-color: inherit\" class=\"hierarchy\"/><img src=\"icon_datatype.gif\" alt=\".\" style=\"background-color: #F7F7F7; background-color: inherit\" title=\"Data Type\" class=\"hierarchy\"/> <a href=\"StructureDefinition-VirtualPharmaceuticalProdutGroup-definitions.html#VirtualPharmaceuticalProdutGroup.associatedCondition\" title=\"associated conditions\">associatedCondition</a><a name=\"VirtualPharmaceuticalProdutGroup.associatedCondition\"> </a></td><td style=\"vertical-align: top; text-align : left; background-color: #F7F7F7; border: 0px #F0F0F0 solid; padding:0px 4px 0px 4px\" class=\"hierarchy\"/><td style=\"vertical-align: top; text-align : left; background-color: #F7F7F7; border: 0px #F0F0F0 solid; padding:0px 4px 0px 4px\" class=\"hierarchy\">0..*</td><td style=\"vertical-align: top; text-align : left; background-color: #F7F7F7; border: 0px #F0F0F0 solid; padding:0px 4px 0px 4px\" class=\"hierarchy\"><a href=\"http://hl7.org/fhir/R4/datatypes.html#CodeableConcept\">CodeableConcept</a></td><td style=\"vertical-align: top; text-align : left; background-color: #F7F7F7; border: 0px #F0F0F0 solid; padding:0px 4px 0px 4px\" class=\"hierarchy\">associated conditions<br/></td></tr>\r\n<tr style=\"border: 0px #F0F0F0 solid; padding:0px; vertical-align: top; background-color: white\"><td style=\"vertical-align: top; text-align : left; background-color: white; border: 0px #F0F0F0 solid; padding:0px 4px 0px 4px; white-space: nowrap; background-image: url(tbl_bck11.png)\" class=\"hierarchy\"><img src=\"tbl_spacer.png\" alt=\".\" style=\"background-color: inherit\" class=\"hierarchy\"/><img src=\"tbl_vjoin.png\" alt=\".\" style=\"background-color: inherit\" class=\"hierarchy\"/><img src=\"icon_datatype.gif\" alt=\".\" style=\"background-color: white; background-color: inherit\" title=\"Data Type\" class=\"hierarchy\"/> <a href=\"StructureDefinition-VirtualPharmaceuticalProdutGroup-definitions.html#VirtualPharmaceuticalProdutGroup.name\" title=\"Product Name\">name</a><a name=\"VirtualPharmaceuticalProdutGroup.name\"> </a></td><td style=\"vertical-align: top; text-align : left; background-color: white; border: 0px #F0F0F0 solid; padding:0px 4px 0px 4px\" class=\"hierarchy\"/><td style=\"vertical-align: top; text-align : left; background-color: white; border: 0px #F0F0F0 solid; padding:0px 4px 0px 4px\" class=\"hierarchy\">1..*</td><td style=\"vertical-align: top; text-align : left; background-color: white; border: 0px #F0F0F0 solid; padding:0px 4px 0px 4px\" class=\"hierarchy\"><a href=\"http://hl7.org/fhir/R4/datatypes.html#BackboneElement\">BackboneElement</a></td><td style=\"vertical-align: top; text-align : left; background-color: white; border: 0px #F0F0F0 solid; padding:0px 4px 0px 4px\" class=\"hierarchy\">Product Name<br/></td></tr>\r\n<tr style=\"border: 0px #F0F0F0 solid; padding:0px; vertical-align: top; background-color: #F7F7F7\"><td style=\"vertical-align: top; text-align : left; background-color: #F7F7F7; border: 0px #F0F0F0 solid; padding:0px 4px 0px 4px; white-space: nowrap; background-image: url(tbl_bck110.png)\" class=\"hierarchy\"><img src=\"tbl_spacer.png\" alt=\".\" style=\"background-color: inherit\" class=\"hierarchy\"/><img src=\"tbl_vline.png\" alt=\".\" style=\"background-color: inherit\" class=\"hierarchy\"/><img src=\"tbl_vjoin.png\" alt=\".\" style=\"background-color: inherit\" class=\"hierarchy\"/><img src=\"icon_primitive.png\" alt=\".\" style=\"background-color: #F7F7F7; background-color: inherit\" title=\"Primitive Data Type\" class=\"hierarchy\"/> <a href=\"StructureDefinition-VirtualPharmaceuticalProdutGroup-definitions.html#VirtualPharmaceuticalProdutGroup.name.productName\" title=\"actual name of the product\">productName</a><a name=\"VirtualPharmaceuticalProdutGroup.name.productName\"> </a></td><td style=\"vertical-align: top; text-align : left; background-color: #F7F7F7; border: 0px #F0F0F0 solid; padding:0px 4px 0px 4px\" class=\"hierarchy\"/><td style=\"vertical-align: top; text-align : left; background-color: #F7F7F7; border: 0px #F0F0F0 solid; padding:0px 4px 0px 4px\" class=\"hierarchy\">1..1</td><td style=\"vertical-align: top; text-align : left; background-color: #F7F7F7; border: 0px #F0F0F0 solid; padding:0px 4px 0px 4px\" class=\"hierarchy\"><a href=\"http://hl7.org/fhir/R4/datatypes.html#string\">string</a></td><td style=\"vertical-align: top; text-align : left; background-color: #F7F7F7; border: 0px #F0F0F0 solid; padding:0px 4px 0px 4px\" class=\"hierarchy\">actual name of the product</td></tr>\r\n<tr style=\"border: 0px #F0F0F0 solid; padding:0px; vertical-align: top; background-color: white\"><td style=\"vertical-align: top; text-align : left; background-color: white; border: 0px #F0F0F0 solid; padding:0px 4px 0px 4px; white-space: nowrap; background-image: url(tbl_bck110.png)\" class=\"hierarchy\"><img src=\"tbl_spacer.png\" alt=\".\" style=\"background-color: inherit\" class=\"hierarchy\"/><img src=\"tbl_vline.png\" alt=\".\" style=\"background-color: inherit\" class=\"hierarchy\"/><img src=\"tbl_vjoin.png\" alt=\".\" style=\"background-color: inherit\" class=\"hierarchy\"/><img src=\"icon_datatype.gif\" alt=\".\" style=\"background-color: white; background-color: inherit\" title=\"Data Type\" class=\"hierarchy\"/> <a href=\"StructureDefinition-VirtualPharmaceuticalProdutGroup-definitions.html#VirtualPharmaceuticalProdutGroup.name.type\" title=\"type of naming\">type</a><a name=\"VirtualPharmaceuticalProdutGroup.name.type\"> </a></td><td style=\"vertical-align: top; text-align : left; background-color: white; border: 0px #F0F0F0 solid; padding:0px 4px 0px 4px\" class=\"hierarchy\"/><td style=\"vertical-align: top; text-align : left; background-color: white; border: 0px #F0F0F0 solid; padding:0px 4px 0px 4px\" class=\"hierarchy\">1..1</td><td style=\"vertical-align: top; text-align : left; background-color: white; border: 0px #F0F0F0 solid; padding:0px 4px 0px 4px\" class=\"hierarchy\"><a href=\"http://hl7.org/fhir/R4/datatypes.html#CodeableConcept\">CodeableConcept</a></td><td style=\"vertical-align: top; text-align : left; background-color: white; border: 0px #F0F0F0 solid; padding:0px 4px 0px 4px\" class=\"hierarchy\">type of naming</td></tr>\r\n<tr style=\"border: 0px #F0F0F0 solid; padding:0px; vertical-align: top; background-color: #F7F7F7\"><td style=\"vertical-align: top; text-align : left; background-color: #F7F7F7; border: 0px #F0F0F0 solid; padding:0px 4px 0px 4px; white-space: nowrap; background-image: url(tbl_bck111.png)\" class=\"hierarchy\"><img src=\"tbl_spacer.png\" alt=\".\" style=\"background-color: inherit\" class=\"hierarchy\"/><img src=\"tbl_vline.png\" alt=\".\" style=\"background-color: inherit\" class=\"hierarchy\"/><img src=\"tbl_vjoin.png\" alt=\".\" style=\"background-color: inherit\" class=\"hierarchy\"/><img src=\"icon_datatype.gif\" alt=\".\" style=\"background-color: #F7F7F7; background-color: inherit\" title=\"Data Type\" class=\"hierarchy\"/> <a href=\"StructureDefinition-VirtualPharmaceuticalProdutGroup-definitions.html#VirtualPharmaceuticalProdutGroup.name.namePart\" title=\"selecting parts of name for inteligeble purposes\">namePart</a><a name=\"VirtualPharmaceuticalProdutGroup.name.namePart\"> </a></td><td style=\"vertical-align: top; text-align : left; background-color: #F7F7F7; border: 0px #F0F0F0 solid; padding:0px 4px 0px 4px\" class=\"hierarchy\"/><td style=\"vertical-align: top; text-align : left; background-color: #F7F7F7; border: 0px #F0F0F0 solid; padding:0px 4px 0px 4px\" class=\"hierarchy\">0..*</td><td style=\"vertical-align: top; text-align : left; background-color: #F7F7F7; border: 0px #F0F0F0 solid; padding:0px 4px 0px 4px\" class=\"hierarchy\"><a href=\"http://hl7.org/fhir/R4/datatypes.html#BackboneElement\">BackboneElement</a></td><td style=\"vertical-align: top; text-align : left; background-color: #F7F7F7; border: 0px #F0F0F0 solid; padding:0px 4px 0px 4px\" class=\"hierarchy\">selecting parts of name for inteligeble purposes<br/></td></tr>\r\n<tr style=\"border: 0px #F0F0F0 solid; padding:0px; vertical-align: top; background-color: white\"><td style=\"vertical-align: top; text-align : left; background-color: white; border: 0px #F0F0F0 solid; padding:0px 4px 0px 4px; white-space: nowrap; background-image: url(tbl_bck1110.png)\" class=\"hierarchy\"><img src=\"tbl_spacer.png\" alt=\".\" style=\"background-color: inherit\" class=\"hierarchy\"/><img src=\"tbl_vline.png\" alt=\".\" style=\"background-color: inherit\" class=\"hierarchy\"/><img src=\"tbl_vline.png\" alt=\".\" style=\"background-color: inherit\" class=\"hierarchy\"/><img src=\"tbl_vjoin.png\" alt=\".\" style=\"background-color: inherit\" class=\"hierarchy\"/><img src=\"icon_primitive.png\" alt=\".\" style=\"background-color: white; background-color: inherit\" title=\"Primitive Data Type\" class=\"hierarchy\"/> <a href=\"StructureDefinition-VirtualPharmaceuticalProdutGroup-definitions.html#VirtualPharmaceuticalProdutGroup.name.namePart.part\" title=\"part of name\">part</a><a name=\"VirtualPharmaceuticalProdutGroup.name.namePart.part\"> </a></td><td style=\"vertical-align: top; text-align : left; background-color: white; border: 0px #F0F0F0 solid; padding:0px 4px 0px 4px\" class=\"hierarchy\"/><td style=\"vertical-align: top; text-align : left; background-color: white; border: 0px #F0F0F0 solid; padding:0px 4px 0px 4px\" class=\"hierarchy\">1..1</td><td style=\"vertical-align: top; text-align : left; background-color: white; border: 0px #F0F0F0 solid; padding:0px 4px 0px 4px\" class=\"hierarchy\"><a href=\"http://hl7.org/fhir/R4/datatypes.html#string\">string</a></td><td style=\"vertical-align: top; text-align : left; background-color: white; border: 0px #F0F0F0 solid; padding:0px 4px 0px 4px\" class=\"hierarchy\">part of name</td></tr>\r\n<tr style=\"border: 0px #F0F0F0 solid; padding:0px; vertical-align: top; background-color: #F7F7F7\"><td style=\"vertical-align: top; text-align : left; background-color: #F7F7F7; border: 0px #F0F0F0 solid; padding:0px 4px 0px 4px; white-space: nowrap; background-image: url(tbl_bck1100.png)\" class=\"hierarchy\"><img src=\"tbl_spacer.png\" alt=\".\" style=\"background-color: inherit\" class=\"hierarchy\"/><img src=\"tbl_vline.png\" alt=\".\" style=\"background-color: inherit\" class=\"hierarchy\"/><img src=\"tbl_vline.png\" alt=\".\" style=\"background-color: inherit\" class=\"hierarchy\"/><img src=\"tbl_vjoin_end.png\" alt=\".\" style=\"background-color: inherit\" class=\"hierarchy\"/><img src=\"icon_datatype.gif\" alt=\".\" style=\"background-color: #F7F7F7; background-color: inherit\" title=\"Data Type\" class=\"hierarchy\"/> <a href=\"StructureDefinition-VirtualPharmaceuticalProdutGroup-definitions.html#VirtualPharmaceuticalProdutGroup.name.namePart.type\" title=\"type of elemente defining -strength, pharmaceutical form, etc\">type</a><a name=\"VirtualPharmaceuticalProdutGroup.name.namePart.type\"> </a></td><td style=\"vertical-align: top; text-align : left; background-color: #F7F7F7; border: 0px #F0F0F0 solid; padding:0px 4px 0px 4px\" class=\"hierarchy\"/><td style=\"vertical-align: top; text-align : left; background-color: #F7F7F7; border: 0px #F0F0F0 solid; padding:0px 4px 0px 4px\" class=\"hierarchy\">1..1</td><td style=\"vertical-align: top; text-align : left; background-color: #F7F7F7; border: 0px #F0F0F0 solid; padding:0px 4px 0px 4px\" class=\"hierarchy\"><a href=\"http://hl7.org/fhir/R4/datatypes.html#CodeableConcept\">CodeableConcept</a></td><td style=\"vertical-align: top; text-align : left; background-color: #F7F7F7; border: 0px #F0F0F0 solid; padding:0px 4px 0px 4px\" class=\"hierarchy\">type of elemente defining -strength, pharmaceutical form, etc</td></tr>\r\n<tr style=\"border: 0px #F0F0F0 solid; padding:0px; vertical-align: top; background-color: white\"><td style=\"vertical-align: top; text-align : left; background-color: white; border: 0px #F0F0F0 solid; padding:0px 4px 0px 4px; white-space: nowrap; background-image: url(tbl_bck101.png)\" class=\"hierarchy\"><img src=\"tbl_spacer.png\" alt=\".\" style=\"background-color: inherit\" class=\"hierarchy\"/><img src=\"tbl_vline.png\" alt=\".\" style=\"background-color: inherit\" class=\"hierarchy\"/><img src=\"tbl_vjoin_end.png\" alt=\".\" style=\"background-color: inherit\" class=\"hierarchy\"/><img src=\"icon_datatype.gif\" alt=\".\" style=\"background-color: white; background-color: inherit\" title=\"Data Type\" class=\"hierarchy\"/> <a href=\"StructureDefinition-VirtualPharmaceuticalProdutGroup-definitions.html#VirtualPharmaceuticalProdutGroup.name.countryLanguage\" title=\"country for which country the name is defined\">countryLanguage</a><a name=\"VirtualPharmaceuticalProdutGroup.name.countryLanguage\"> </a></td><td style=\"vertical-align: top; text-align : left; background-color: white; border: 0px #F0F0F0 solid; padding:0px 4px 0px 4px\" class=\"hierarchy\"/><td style=\"vertical-align: top; text-align : left; background-color: white; border: 0px #F0F0F0 solid; padding:0px 4px 0px 4px\" class=\"hierarchy\">0..*</td><td style=\"vertical-align: top; text-align : left; background-color: white; border: 0px #F0F0F0 solid; padding:0px 4px 0px 4px\" class=\"hierarchy\"><a href=\"http://hl7.org/fhir/R4/datatypes.html#BackboneElement\">BackboneElement</a></td><td style=\"vertical-align: top; text-align : left; background-color: white; border: 0px #F0F0F0 solid; padding:0px 4px 0px 4px\" class=\"hierarchy\">country for which country the name is defined<br/></td></tr>\r\n<tr style=\"border: 0px #F0F0F0 solid; padding:0px; vertical-align: top; background-color: #F7F7F7\"><td style=\"vertical-align: top; text-align : left; background-color: #F7F7F7; border: 0px #F0F0F0 solid; padding:0px 4px 0px 4px; white-space: nowrap; background-image: url(tbl_bck1010.png)\" class=\"hierarchy\"><img src=\"tbl_spacer.png\" alt=\".\" style=\"background-color: inherit\" class=\"hierarchy\"/><img src=\"tbl_vline.png\" alt=\".\" style=\"background-color: inherit\" class=\"hierarchy\"/><img src=\"tbl_blank.png\" alt=\".\" style=\"background-color: inherit\" class=\"hierarchy\"/><img src=\"tbl_vjoin.png\" alt=\".\" style=\"background-color: inherit\" class=\"hierarchy\"/><img src=\"icon_datatype.gif\" alt=\".\" style=\"background-color: #F7F7F7; background-color: inherit\" title=\"Data Type\" class=\"hierarchy\"/> <a href=\"StructureDefinition-VirtualPharmaceuticalProdutGroup-definitions.html#VirtualPharmaceuticalProdutGroup.name.countryLanguage.country\" title=\"country\">country</a><a name=\"VirtualPharmaceuticalProdutGroup.name.countryLanguage.country\"> </a></td><td style=\"vertical-align: top; text-align : left; background-color: #F7F7F7; border: 0px #F0F0F0 solid; padding:0px 4px 0px 4px\" class=\"hierarchy\"/><td style=\"vertical-align: top; text-align : left; background-color: #F7F7F7; border: 0px #F0F0F0 solid; padding:0px 4px 0px 4px\" class=\"hierarchy\">1..1</td><td style=\"vertical-align: top; text-align : left; background-color: #F7F7F7; border: 0px #F0F0F0 solid; padding:0px 4px 0px 4px\" class=\"hierarchy\"><a href=\"http://hl7.org/fhir/R4/datatypes.html#CodeableConcept\">CodeableConcept</a></td><td style=\"vertical-align: top; text-align : left; background-color: #F7F7F7; border: 0px #F0F0F0 solid; padding:0px 4px 0px 4px\" class=\"hierarchy\">country</td></tr>\r\n<tr style=\"border: 0px #F0F0F0 solid; padding:0px; vertical-align: top; background-color: white\"><td style=\"vertical-align: top; text-align : left; background-color: white; border: 0px #F0F0F0 solid; padding:0px 4px 0px 4px; white-space: nowrap; background-image: url(tbl_bck1010.png)\" class=\"hierarchy\"><img src=\"tbl_spacer.png\" alt=\".\" style=\"background-color: inherit\" class=\"hierarchy\"/><img src=\"tbl_vline.png\" alt=\".\" style=\"background-color: inherit\" class=\"hierarchy\"/><img src=\"tbl_blank.png\" alt=\".\" style=\"background-color: inherit\" class=\"hierarchy\"/><img src=\"tbl_vjoin.png\" alt=\".\" style=\"background-color: inherit\" class=\"hierarchy\"/><img src=\"icon_datatype.gif\" alt=\".\" style=\"background-color: white; background-color: inherit\" title=\"Data Type\" class=\"hierarchy\"/> <a href=\"StructureDefinition-VirtualPharmaceuticalProdutGroup-definitions.html#VirtualPharmaceuticalProdutGroup.name.countryLanguage.jurisdiction\" title=\"jurisdiction that applies\">jurisdiction</a><a name=\"VirtualPharmaceuticalProdutGroup.name.countryLanguage.jurisdiction\"> </a></td><td style=\"vertical-align: top; text-align : left; background-color: white; border: 0px #F0F0F0 solid; padding:0px 4px 0px 4px\" class=\"hierarchy\"/><td style=\"vertical-align: top; text-align : left; background-color: white; border: 0px #F0F0F0 solid; padding:0px 4px 0px 4px\" class=\"hierarchy\">0..1</td><td style=\"vertical-align: top; text-align : left; background-color: white; border: 0px #F0F0F0 solid; padding:0px 4px 0px 4px\" class=\"hierarchy\"><a href=\"http://hl7.org/fhir/R4/datatypes.html#CodeableConcept\">CodeableConcept</a></td><td style=\"vertical-align: top; text-align : left; background-color: white; border: 0px #F0F0F0 solid; padding:0px 4px 0px 4px\" class=\"hierarchy\">jurisdiction that applies</td></tr>\r\n<tr style=\"border: 0px #F0F0F0 solid; padding:0px; vertical-align: top; background-color: #F7F7F7\"><td style=\"vertical-align: top; text-align : left; background-color: #F7F7F7; border: 0px #F0F0F0 solid; padding:0px 4px 0px 4px; white-space: nowrap; background-image: url(tbl_bck1000.png)\" class=\"hierarchy\"><img src=\"tbl_spacer.png\" alt=\".\" style=\"background-color: inherit\" class=\"hierarchy\"/><img src=\"tbl_vline.png\" alt=\".\" style=\"background-color: inherit\" class=\"hierarchy\"/><img src=\"tbl_blank.png\" alt=\".\" style=\"background-color: inherit\" class=\"hierarchy\"/><img src=\"tbl_vjoin_end.png\" alt=\".\" style=\"background-color: inherit\" class=\"hierarchy\"/><img src=\"icon_datatype.gif\" alt=\".\" style=\"background-color: #F7F7F7; background-color: inherit\" title=\"Data Type\" class=\"hierarchy\"/> <a href=\"StructureDefinition-VirtualPharmaceuticalProdutGroup-definitions.html#VirtualPharmaceuticalProdutGroup.name.countryLanguage.language\" title=\"language applicable\">language</a><a name=\"VirtualPharmaceuticalProdutGroup.name.countryLanguage.language\"> </a></td><td style=\"vertical-align: top; text-align : left; background-color: #F7F7F7; border: 0px #F0F0F0 solid; padding:0px 4px 0px 4px\" class=\"hierarchy\"/><td style=\"vertical-align: top; text-align : left; background-color: #F7F7F7; border: 0px #F0F0F0 solid; padding:0px 4px 0px 4px\" class=\"hierarchy\">1..1</td><td style=\"vertical-align: top; text-align : left; background-color: #F7F7F7; border: 0px #F0F0F0 solid; padding:0px 4px 0px 4px\" class=\"hierarchy\"><a href=\"http://hl7.org/fhir/R4/datatypes.html#CodeableConcept\">CodeableConcept</a></td><td style=\"vertical-align: top; text-align : left; background-color: #F7F7F7; border: 0px #F0F0F0 solid; padding:0px 4px 0px 4px\" class=\"hierarchy\">language applicable</td></tr>\r\n<tr style=\"border: 0px #F0F0F0 solid; padding:0px; vertical-align: top; background-color: white\"><td style=\"vertical-align: top; text-align : left; background-color: white; border: 0px #F0F0F0 solid; padding:0px 4px 0px 4px; white-space: nowrap; background-image: url(tbl_bck10.png)\" class=\"hierarchy\"><img src=\"tbl_spacer.png\" alt=\".\" style=\"background-color: inherit\" class=\"hierarchy\"/><img src=\"tbl_vjoin.png\" alt=\".\" style=\"background-color: inherit\" class=\"hierarchy\"/><img src=\"icon_datatype.gif\" alt=\".\" style=\"background-color: white; background-color: inherit\" title=\"Data Type\" class=\"hierarchy\"/> <a href=\"StructureDefinition-VirtualPharmaceuticalProdutGroup-definitions.html#VirtualPharmaceuticalProdutGroup.granularity\" title=\"level of product, substance, pharmaceutical product, medicinal product or packaged medicinal product\">granularity</a><a name=\"VirtualPharmaceuticalProdutGroup.granularity\"> </a></td><td style=\"vertical-align: top; text-align : left; background-color: white; border: 0px #F0F0F0 solid; padding:0px 4px 0px 4px\" class=\"hierarchy\"/><td style=\"vertical-align: top; text-align : left; background-color: white; border: 0px #F0F0F0 solid; padding:0px 4px 0px 4px\" class=\"hierarchy\">0..1</td><td style=\"vertical-align: top; text-align : left; background-color: white; border: 0px #F0F0F0 solid; padding:0px 4px 0px 4px\" class=\"hierarchy\"><a href=\"http://hl7.org/fhir/R4/datatypes.html#CodeableConcept\">CodeableConcept</a></td><td style=\"vertical-align: top; text-align : left; background-color: white; border: 0px #F0F0F0 solid; padding:0px 4px 0px 4px\" class=\"hierarchy\">level of product, substance, pharmaceutical product, medicinal product or packaged medicinal product</td></tr>\r\n<tr style=\"border: 0px #F0F0F0 solid; padding:0px; vertical-align: top; background-color: #F7F7F7\"><td style=\"vertical-align: top; text-align : left; background-color: #F7F7F7; border: 0px #F0F0F0 solid; padding:0px 4px 0px 4px; white-space: nowrap; background-image: url(tbl_bck10.png)\" class=\"hierarchy\"><img src=\"tbl_spacer.png\" alt=\".\" style=\"background-color: inherit\" class=\"hierarchy\"/><img src=\"tbl_vjoin.png\" alt=\".\" style=\"background-color: inherit\" class=\"hierarchy\"/><img src=\"icon_primitive.png\" alt=\".\" style=\"background-color: #F7F7F7; background-color: inherit\" title=\"Primitive Data Type\" class=\"hierarchy\"/> <a href=\"StructureDefinition-VirtualPharmaceuticalProdutGroup-definitions.html#VirtualPharmaceuticalProdutGroup.mechanismOfAction\" title=\"mechanism of action of drug\">mechanismOfAction</a><a name=\"VirtualPharmaceuticalProdutGroup.mechanismOfAction\"> </a></td><td style=\"vertical-align: top; text-align : left; background-color: #F7F7F7; border: 0px #F0F0F0 solid; padding:0px 4px 0px 4px\" class=\"hierarchy\"/><td style=\"vertical-align: top; text-align : left; background-color: #F7F7F7; border: 0px #F0F0F0 solid; padding:0px 4px 0px 4px\" class=\"hierarchy\">0..1</td><td style=\"vertical-align: top; text-align : left; background-color: #F7F7F7; border: 0px #F0F0F0 solid; padding:0px 4px 0px 4px\" class=\"hierarchy\"><a href=\"http://hl7.org/fhir/R4/datatypes.html#string\">string</a></td><td style=\"vertical-align: top; text-align : left; background-color: #F7F7F7; border: 0px #F0F0F0 solid; padding:0px 4px 0px 4px\" class=\"hierarchy\">mechanism of action of drug</td></tr>\r\n<tr style=\"border: 0px #F0F0F0 solid; padding:0px; vertical-align: top; background-color: white\"><td style=\"vertical-align: top; text-align : left; background-color: white; border: 0px #F0F0F0 solid; padding:0px 4px 0px 4px; white-space: nowrap; background-image: url(tbl_bck10.png)\" class=\"hierarchy\"><img src=\"tbl_spacer.png\" alt=\".\" style=\"background-color: inherit\" class=\"hierarchy\"/><img src=\"tbl_vjoin.png\" alt=\".\" style=\"background-color: inherit\" class=\"hierarchy\"/><img src=\"icon_primitive.png\" alt=\".\" style=\"background-color: white; background-color: inherit\" title=\"Primitive Data Type\" class=\"hierarchy\"/> <a href=\"StructureDefinition-VirtualPharmaceuticalProdutGroup-definitions.html#VirtualPharmaceuticalProdutGroup.drugType\" title=\"type of drug - small molecule, biologic, etc\">drugType</a><a name=\"VirtualPharmaceuticalProdutGroup.drugType\"> </a></td><td style=\"vertical-align: top; text-align : left; background-color: white; border: 0px #F0F0F0 solid; padding:0px 4px 0px 4px\" class=\"hierarchy\"/><td style=\"vertical-align: top; text-align : left; background-color: white; border: 0px #F0F0F0 solid; padding:0px 4px 0px 4px\" class=\"hierarchy\">0..1</td><td style=\"vertical-align: top; text-align : left; background-color: white; border: 0px #F0F0F0 solid; padding:0px 4px 0px 4px\" class=\"hierarchy\"><a href=\"http://hl7.org/fhir/R4/datatypes.html#string\">string</a></td><td style=\"vertical-align: top; text-align : left; background-color: white; border: 0px #F0F0F0 solid; padding:0px 4px 0px 4px\" class=\"hierarchy\">type of drug - small molecule, biologic, etc</td></tr>\r\n<tr style=\"border: 0px #F0F0F0 solid; padding:0px; vertical-align: top; background-color: #F7F7F7\"><td style=\"vertical-align: top; text-align : left; background-color: #F7F7F7; border: 0px #F0F0F0 solid; padding:0px 4px 0px 4px; white-space: nowrap; background-image: url(tbl_bck10.png)\" class=\"hierarchy\"><img src=\"tbl_spacer.png\" alt=\".\" style=\"background-color: inherit\" class=\"hierarchy\"/><img src=\"tbl_vjoin.png\" alt=\".\" style=\"background-color: inherit\" class=\"hierarchy\"/><img src=\"icon_datatype.gif\" alt=\".\" style=\"background-color: #F7F7F7; background-color: inherit\" title=\"Data Type\" class=\"hierarchy\"/> <a href=\"StructureDefinition-VirtualPharmaceuticalProdutGroup-definitions.html#VirtualPharmaceuticalProdutGroup.sideEffects\" title=\"side effects known\">sideEffects</a><a name=\"VirtualPharmaceuticalProdutGroup.sideEffects\"> </a></td><td style=\"vertical-align: top; text-align : left; background-color: #F7F7F7; border: 0px #F0F0F0 solid; padding:0px 4px 0px 4px\" class=\"hierarchy\"/><td style=\"vertical-align: top; text-align : left; background-color: #F7F7F7; border: 0px #F0F0F0 solid; padding:0px 4px 0px 4px\" class=\"hierarchy\">0..*</td><td style=\"vertical-align: top; text-align : left; background-color: #F7F7F7; border: 0px #F0F0F0 solid; padding:0px 4px 0px 4px\" class=\"hierarchy\"><a href=\"http://hl7.org/fhir/R4/datatypes.html#CodeableConcept\">CodeableConcept</a></td><td style=\"vertical-align: top; text-align : left; background-color: #F7F7F7; border: 0px #F0F0F0 solid; padding:0px 4px 0px 4px\" class=\"hierarchy\">side effects known<br/></td></tr>\r\n<tr style=\"border: 0px #F0F0F0 solid; padding:0px; vertical-align: top; background-color: white\"><td style=\"vertical-align: top; text-align : left; background-color: white; border: 0px #F0F0F0 solid; padding:0px 4px 0px 4px; white-space: nowrap; background-image: url(tbl_bck11.png)\" class=\"hierarchy\"><img src=\"tbl_spacer.png\" alt=\".\" style=\"background-color: inherit\" class=\"hierarchy\"/><img src=\"tbl_vjoin.png\" alt=\".\" style=\"background-color: inherit\" class=\"hierarchy\"/><img src=\"icon_datatype.gif\" alt=\".\" style=\"background-color: white; background-color: inherit\" title=\"Data Type\" class=\"hierarchy\"/> <a href=\"StructureDefinition-VirtualPharmaceuticalProdutGroup-definitions.html#VirtualPharmaceuticalProdutGroup.interactions\" title=\"known interactions\">interactions</a><a name=\"VirtualPharmaceuticalProdutGroup.interactions\"> </a></td><td style=\"vertical-align: top; text-align : left; background-color: white; border: 0px #F0F0F0 solid; padding:0px 4px 0px 4px\" class=\"hierarchy\"/><td style=\"vertical-align: top; text-align : left; background-color: white; border: 0px #F0F0F0 solid; padding:0px 4px 0px 4px\" class=\"hierarchy\">0..*</td><td style=\"vertical-align: top; text-align : left; background-color: white; border: 0px #F0F0F0 solid; padding:0px 4px 0px 4px\" class=\"hierarchy\"><a href=\"http://hl7.org/fhir/R4/datatypes.html#BackboneElement\">BackboneElement</a></td><td style=\"vertical-align: top; text-align : left; background-color: white; border: 0px #F0F0F0 solid; padding:0px 4px 0px 4px\" class=\"hierarchy\">known interactions<br/></td></tr>\r\n<tr style=\"border: 0px #F0F0F0 solid; padding:0px; vertical-align: top; background-color: #F7F7F7\"><td style=\"vertical-align: top; text-align : left; background-color: #F7F7F7; border: 0px #F0F0F0 solid; padding:0px 4px 0px 4px; white-space: nowrap; background-image: url(tbl_bck110.png)\" class=\"hierarchy\"><img src=\"tbl_spacer.png\" alt=\".\" style=\"background-color: inherit\" class=\"hierarchy\"/><img src=\"tbl_vline.png\" alt=\".\" style=\"background-color: inherit\" class=\"hierarchy\"/><img src=\"tbl_vjoin.png\" alt=\".\" style=\"background-color: inherit\" class=\"hierarchy\"/><img src=\"icon_primitive.png\" alt=\".\" style=\"background-color: #F7F7F7; background-color: inherit\" title=\"Primitive Data Type\" class=\"hierarchy\"/> <a href=\"StructureDefinition-VirtualPharmaceuticalProdutGroup-definitions.html#VirtualPharmaceuticalProdutGroup.interactions.type\" title=\"type of interaction\">type</a><a name=\"VirtualPharmaceuticalProdutGroup.interactions.type\"> </a></td><td style=\"vertical-align: top; text-align : left; background-color: #F7F7F7; border: 0px #F0F0F0 solid; padding:0px 4px 0px 4px\" class=\"hierarchy\"/><td style=\"vertical-align: top; text-align : left; background-color: #F7F7F7; border: 0px #F0F0F0 solid; padding:0px 4px 0px 4px\" class=\"hierarchy\">1..1</td><td style=\"vertical-align: top; text-align : left; background-color: #F7F7F7; border: 0px #F0F0F0 solid; padding:0px 4px 0px 4px\" class=\"hierarchy\"><a href=\"http://hl7.org/fhir/R4/datatypes.html#string\">string</a></td><td style=\"vertical-align: top; text-align : left; background-color: #F7F7F7; border: 0px #F0F0F0 solid; padding:0px 4px 0px 4px\" class=\"hierarchy\">type of interaction</td></tr>\r\n<tr style=\"border: 0px #F0F0F0 solid; padding:0px; vertical-align: top; background-color: white\"><td style=\"vertical-align: top; text-align : left; background-color: white; border: 0px #F0F0F0 solid; padding:0px 4px 0px 4px; white-space: nowrap; background-image: url(tbl_bck110.png)\" class=\"hierarchy\"><img src=\"tbl_spacer.png\" alt=\".\" style=\"background-color: inherit\" class=\"hierarchy\"/><img src=\"tbl_vline.png\" alt=\".\" style=\"background-color: inherit\" class=\"hierarchy\"/><img src=\"tbl_vjoin.png\" alt=\".\" style=\"background-color: inherit\" class=\"hierarchy\"/><img src=\"icon_reference.png\" alt=\".\" style=\"background-color: white; background-color: inherit\" title=\"Reference to another Resource\" class=\"hierarchy\"/> <a href=\"StructureDefinition-VirtualPharmaceuticalProdutGroup-definitions.html#VirtualPharmaceuticalProdutGroup.interactions.substance\" title=\"product\">substance</a><a name=\"VirtualPharmaceuticalProdutGroup.interactions.substance\"> </a></td><td style=\"vertical-align: top; text-align : left; background-color: white; border: 0px #F0F0F0 solid; padding:0px 4px 0px 4px\" class=\"hierarchy\"/><td style=\"vertical-align: top; text-align : left; background-color: white; border: 0px #F0F0F0 solid; padding:0px 4px 0px 4px\" class=\"hierarchy\">1..1</td><td style=\"vertical-align: top; text-align : left; background-color: white; border: 0px #F0F0F0 solid; padding:0px 4px 0px 4px\" class=\"hierarchy\"><a href=\"http://hl7.org/fhir/R4/references.html\">Reference</a>(<a href=\"http://hl7.org/fhir/R4/medicationknowledge.html\">MedicationKnowledge</a>)</td><td style=\"vertical-align: top; text-align : left; background-color: white; border: 0px #F0F0F0 solid; padding:0px 4px 0px 4px\" class=\"hierarchy\">product</td></tr>\r\n<tr style=\"border: 0px #F0F0F0 solid; padding:0px; vertical-align: top; background-color: #F7F7F7\"><td style=\"vertical-align: top; text-align : left; background-color: #F7F7F7; border: 0px #F0F0F0 solid; padding:0px 4px 0px 4px; white-space: nowrap; background-image: url(tbl_bck110.png)\" class=\"hierarchy\"><img src=\"tbl_spacer.png\" alt=\".\" style=\"background-color: inherit\" class=\"hierarchy\"/><img src=\"tbl_vline.png\" alt=\".\" style=\"background-color: inherit\" class=\"hierarchy\"/><img src=\"tbl_vjoin.png\" alt=\".\" style=\"background-color: inherit\" class=\"hierarchy\"/><img src=\"icon_primitive.png\" alt=\".\" style=\"background-color: #F7F7F7; background-color: inherit\" title=\"Primitive Data Type\" class=\"hierarchy\"/> <a href=\"StructureDefinition-VirtualPharmaceuticalProdutGroup-definitions.html#VirtualPharmaceuticalProdutGroup.interactions.reaction\" title=\"what is the reaction\">reaction</a><a name=\"VirtualPharmaceuticalProdutGroup.interactions.reaction\"> </a></td><td style=\"vertical-align: top; text-align : left; background-color: #F7F7F7; border: 0px #F0F0F0 solid; padding:0px 4px 0px 4px\" class=\"hierarchy\"/><td style=\"vertical-align: top; text-align : left; background-color: #F7F7F7; border: 0px #F0F0F0 solid; padding:0px 4px 0px 4px\" class=\"hierarchy\">0..1</td><td style=\"vertical-align: top; text-align : left; background-color: #F7F7F7; border: 0px #F0F0F0 solid; padding:0px 4px 0px 4px\" class=\"hierarchy\"><a href=\"http://hl7.org/fhir/R4/datatypes.html#string\">string</a></td><td style=\"vertical-align: top; text-align : left; background-color: #F7F7F7; border: 0px #F0F0F0 solid; padding:0px 4px 0px 4px\" class=\"hierarchy\">what is the reaction</td></tr>\r\n<tr style=\"border: 0px #F0F0F0 solid; padding:0px; vertical-align: top; background-color: white\"><td style=\"vertical-align: top; text-align : left; background-color: white; border: 0px #F0F0F0 solid; padding:0px 4px 0px 4px; white-space: nowrap; background-image: url(tbl_bck110.png)\" class=\"hierarchy\"><img src=\"tbl_spacer.png\" alt=\".\" style=\"background-color: inherit\" class=\"hierarchy\"/><img src=\"tbl_vline.png\" alt=\".\" style=\"background-color: inherit\" class=\"hierarchy\"/><img src=\"tbl_vjoin.png\" alt=\".\" style=\"background-color: inherit\" class=\"hierarchy\"/><img src=\"icon_primitive.png\" alt=\".\" style=\"background-color: white; background-color: inherit\" title=\"Primitive Data Type\" class=\"hierarchy\"/> <a href=\"StructureDefinition-VirtualPharmaceuticalProdutGroup-definitions.html#VirtualPharmaceuticalProdutGroup.interactions.riskLevel\" title=\"level of risk\">riskLevel</a><a name=\"VirtualPharmaceuticalProdutGroup.interactions.riskLevel\"> </a></td><td style=\"vertical-align: top; text-align : left; background-color: white; border: 0px #F0F0F0 solid; padding:0px 4px 0px 4px\" class=\"hierarchy\"/><td style=\"vertical-align: top; text-align : left; background-color: white; border: 0px #F0F0F0 solid; padding:0px 4px 0px 4px\" class=\"hierarchy\">0..1</td><td style=\"vertical-align: top; text-align : left; background-color: white; border: 0px #F0F0F0 solid; padding:0px 4px 0px 4px\" class=\"hierarchy\"><a href=\"http://hl7.org/fhir/R4/datatypes.html#string\">string</a></td><td style=\"vertical-align: top; text-align : left; background-color: white; border: 0px #F0F0F0 solid; padding:0px 4px 0px 4px\" class=\"hierarchy\">level of risk</td></tr>\r\n<tr style=\"border: 0px #F0F0F0 solid; padding:0px; vertical-align: top; background-color: #F7F7F7\"><td style=\"vertical-align: top; text-align : left; background-color: #F7F7F7; border: 0px #F0F0F0 solid; padding:0px 4px 0px 4px; white-space: nowrap; background-image: url(tbl_bck100.png)\" class=\"hierarchy\"><img src=\"tbl_spacer.png\" alt=\".\" style=\"background-color: inherit\" class=\"hierarchy\"/><img src=\"tbl_vline.png\" alt=\".\" style=\"background-color: inherit\" class=\"hierarchy\"/><img src=\"tbl_vjoin_end.png\" alt=\".\" style=\"background-color: inherit\" class=\"hierarchy\"/><img src=\"icon_reference.png\" alt=\".\" style=\"background-color: #F7F7F7; background-color: inherit\" title=\"Reference to another Resource\" class=\"hierarchy\"/> <a href=\"StructureDefinition-VirtualPharmaceuticalProdutGroup-definitions.html#VirtualPharmaceuticalProdutGroup.interactions.clinicalIssue\" title=\"reference for clinicalIssue\">clinicalIssue</a><a name=\"VirtualPharmaceuticalProdutGroup.interactions.clinicalIssue\"> </a></td><td style=\"vertical-align: top; text-align : left; background-color: #F7F7F7; border: 0px #F0F0F0 solid; padding:0px 4px 0px 4px\" class=\"hierarchy\"/><td style=\"vertical-align: top; text-align : left; background-color: #F7F7F7; border: 0px #F0F0F0 solid; padding:0px 4px 0px 4px\" class=\"hierarchy\">0..*</td><td style=\"vertical-align: top; text-align : left; background-color: #F7F7F7; border: 0px #F0F0F0 solid; padding:0px 4px 0px 4px\" class=\"hierarchy\"><a href=\"http://hl7.org/fhir/R4/references.html\">Reference</a>(<a href=\"http://hl7.org/fhir/R4/detectedissue.html\">DetectedIssue</a>)</td><td style=\"vertical-align: top; text-align : left; background-color: #F7F7F7; border: 0px #F0F0F0 solid; padding:0px 4px 0px 4px\" class=\"hierarchy\">reference for clinicalIssue<br/></td></tr>\r\n<tr style=\"border: 0px #F0F0F0 solid; padding:0px; vertical-align: top; background-color: white\"><td style=\"vertical-align: top; text-align : left; background-color: white; border: 0px #F0F0F0 solid; padding:0px 4px 0px 4px; white-space: nowrap; background-image: url(tbl_bck10.png)\" class=\"hierarchy\"><img src=\"tbl_spacer.png\" alt=\".\" style=\"background-color: inherit\" class=\"hierarchy\"/><img src=\"tbl_vjoin.png\" alt=\".\" style=\"background-color: inherit\" class=\"hierarchy\"/><img src=\"icon_datatype.gif\" alt=\".\" style=\"background-color: white; background-color: inherit\" title=\"Data Type\" class=\"hierarchy\"/> <a href=\"StructureDefinition-VirtualPharmaceuticalProdutGroup-definitions.html#VirtualPharmaceuticalProdutGroup.contraIndication\" title=\"contraindication\">contraIndication</a><a name=\"VirtualPharmaceuticalProdutGroup.contraIndication\"> </a></td><td style=\"vertical-align: top; text-align : left; background-color: white; border: 0px #F0F0F0 solid; padding:0px 4px 0px 4px\" class=\"hierarchy\"/><td style=\"vertical-align: top; text-align : left; background-color: white; border: 0px #F0F0F0 solid; padding:0px 4px 0px 4px\" class=\"hierarchy\">0..*</td><td style=\"vertical-align: top; text-align : left; background-color: white; border: 0px #F0F0F0 solid; padding:0px 4px 0px 4px\" class=\"hierarchy\"><a href=\"http://hl7.org/fhir/R4/datatypes.html#CodeableConcept\">CodeableConcept</a></td><td style=\"vertical-align: top; text-align : left; background-color: white; border: 0px #F0F0F0 solid; padding:0px 4px 0px 4px\" class=\"hierarchy\">contraindication<br/></td></tr>\r\n<tr style=\"border: 0px #F0F0F0 solid; padding:0px; vertical-align: top; background-color: #F7F7F7\"><td style=\"vertical-align: top; text-align : left; background-color: #F7F7F7; border: 0px #F0F0F0 solid; padding:0px 4px 0px 4px; white-space: nowrap; background-image: url(tbl_bck10.png)\" class=\"hierarchy\"><img src=\"tbl_spacer.png\" alt=\".\" style=\"background-color: inherit\" class=\"hierarchy\"/><img src=\"tbl_vjoin.png\" alt=\".\" style=\"background-color: inherit\" class=\"hierarchy\"/><img src=\"icon_reference.png\" alt=\".\" style=\"background-color: #F7F7F7; background-color: inherit\" title=\"Reference to another Resource\" class=\"hierarchy\"/> <a href=\"StructureDefinition-VirtualPharmaceuticalProdutGroup-definitions.html#VirtualPharmaceuticalProdutGroup.masterfile\" title=\"masterfile from where the product comes from\">masterfile</a><a name=\"VirtualPharmaceuticalProdutGroup.masterfile\"> </a></td><td style=\"vertical-align: top; text-align : left; background-color: #F7F7F7; border: 0px #F0F0F0 solid; padding:0px 4px 0px 4px\" class=\"hierarchy\"/><td style=\"vertical-align: top; text-align : left; background-color: #F7F7F7; border: 0px #F0F0F0 solid; padding:0px 4px 0px 4px\" class=\"hierarchy\">0..*</td><td style=\"vertical-align: top; text-align : left; background-color: #F7F7F7; border: 0px #F0F0F0 solid; padding:0px 4px 0px 4px\" class=\"hierarchy\"><a href=\"http://hl7.org/fhir/R4/references.html\">Reference</a>(<a href=\"http://hl7.org/fhir/R4/documentreference.html\">DocumentReference</a>)</td><td style=\"vertical-align: top; text-align : left; background-color: #F7F7F7; border: 0px #F0F0F0 solid; padding:0px 4px 0px 4px\" class=\"hierarchy\">masterfile from where the product comes from<br/></td></tr>\r\n<tr style=\"border: 0px #F0F0F0 solid; padding:0px; vertical-align: top; background-color: white\"><td style=\"vertical-align: top; text-align : left; background-color: white; border: 0px #F0F0F0 solid; padding:0px 4px 0px 4px; white-space: nowrap; background-image: url(tbl_bck10.png)\" class=\"hierarchy\"><img src=\"tbl_spacer.png\" alt=\".\" style=\"background-color: inherit\" class=\"hierarchy\"/><img src=\"tbl_vjoin.png\" alt=\".\" style=\"background-color: inherit\" class=\"hierarchy\"/><img src=\"icon_datatype.gif\" alt=\".\" style=\"background-color: white; background-color: inherit\" title=\"Data Type\" class=\"hierarchy\"/> <a href=\"StructureDefinition-VirtualPharmaceuticalProdutGroup-definitions.html#VirtualPharmaceuticalProdutGroup.classification\" title=\"drug classification, atc, internal, etc\">classification</a><a name=\"VirtualPharmaceuticalProdutGroup.classification\"> </a></td><td style=\"vertical-align: top; text-align : left; background-color: white; border: 0px #F0F0F0 solid; padding:0px 4px 0px 4px\" class=\"hierarchy\"/><td style=\"vertical-align: top; text-align : left; background-color: white; border: 0px #F0F0F0 solid; padding:0px 4px 0px 4px\" class=\"hierarchy\">0..*</td><td style=\"vertical-align: top; text-align : left; background-color: white; border: 0px #F0F0F0 solid; padding:0px 4px 0px 4px\" class=\"hierarchy\"><a href=\"http://hl7.org/fhir/R4/datatypes.html#CodeableConcept\">CodeableConcept</a></td><td style=\"vertical-align: top; text-align : left; background-color: white; border: 0px #F0F0F0 solid; padding:0px 4px 0px 4px\" class=\"hierarchy\">drug classification, atc, internal, etc<br/></td></tr>\r\n<tr style=\"border: 0px #F0F0F0 solid; padding:0px; vertical-align: top; background-color: #F7F7F7\"><td style=\"vertical-align: top; text-align : left; background-color: #F7F7F7; border: 0px #F0F0F0 solid; padding:0px 4px 0px 4px; white-space: nowrap; background-image: url(tbl_bck10.png)\" class=\"hierarchy\"><img src=\"tbl_spacer.png\" alt=\".\" style=\"background-color: inherit\" class=\"hierarchy\"/><img src=\"tbl_vjoin.png\" alt=\".\" style=\"background-color: inherit\" class=\"hierarchy\"/><img src=\"icon_datatype.gif\" alt=\".\" style=\"background-color: #F7F7F7; background-color: inherit\" title=\"Data Type\" class=\"hierarchy\"/> <a href=\"StructureDefinition-VirtualPharmaceuticalProdutGroup-definitions.html#VirtualPharmaceuticalProdutGroup.drugCharacteristics\" title=\"characteristics for drug, opioid, etc\">drugCharacteristics</a><a name=\"VirtualPharmaceuticalProdutGroup.drugCharacteristics\"> </a></td><td style=\"vertical-align: top; text-align : left; background-color: #F7F7F7; border: 0px #F0F0F0 solid; padding:0px 4px 0px 4px\" class=\"hierarchy\"/><td style=\"vertical-align: top; text-align : left; background-color: #F7F7F7; border: 0px #F0F0F0 solid; padding:0px 4px 0px 4px\" class=\"hierarchy\">0..*</td><td style=\"vertical-align: top; text-align : left; background-color: #F7F7F7; border: 0px #F0F0F0 solid; padding:0px 4px 0px 4px\" class=\"hierarchy\"><a href=\"http://hl7.org/fhir/R4/datatypes.html#CodeableConcept\">CodeableConcept</a></td><td style=\"vertical-align: top; text-align : left; background-color: #F7F7F7; border: 0px #F0F0F0 solid; padding:0px 4px 0px 4px\" class=\"hierarchy\">characteristics for drug, opioid, etc<br/></td></tr>\r\n<tr style=\"border: 0px #F0F0F0 solid; padding:0px; vertical-align: top; background-color: white\"><td style=\"vertical-align: top; text-align : left; background-color: white; border: 0px #F0F0F0 solid; padding:0px 4px 0px 4px; white-space: nowrap; background-image: url(tbl_bck11.png)\" class=\"hierarchy\"><img src=\"tbl_spacer.png\" alt=\".\" style=\"background-color: inherit\" class=\"hierarchy\"/><img src=\"tbl_vjoin.png\" alt=\".\" style=\"background-color: inherit\" class=\"hierarchy\"/><img src=\"icon_datatype.gif\" alt=\".\" style=\"background-color: white; background-color: inherit\" title=\"Data Type\" class=\"hierarchy\"/> <a href=\"StructureDefinition-VirtualPharmaceuticalProdutGroup-definitions.html#VirtualPharmaceuticalProdutGroup.administratitionRoute\" title=\"route for administrating\">administratitionRoute</a><a name=\"VirtualPharmaceuticalProdutGroup.administratitionRoute\"> </a></td><td style=\"vertical-align: top; text-align : left; background-color: white; border: 0px #F0F0F0 solid; padding:0px 4px 0px 4px\" class=\"hierarchy\"/><td style=\"vertical-align: top; text-align : left; background-color: white; border: 0px #F0F0F0 solid; padding:0px 4px 0px 4px\" class=\"hierarchy\">1..*</td><td style=\"vertical-align: top; text-align : left; background-color: white; border: 0px #F0F0F0 solid; padding:0px 4px 0px 4px\" class=\"hierarchy\"><a href=\"http://hl7.org/fhir/R4/datatypes.html#BackboneElement\">BackboneElement</a></td><td style=\"vertical-align: top; text-align : left; background-color: white; border: 0px #F0F0F0 solid; padding:0px 4px 0px 4px\" class=\"hierarchy\">route for administrating<br/></td></tr>\r\n<tr style=\"border: 0px #F0F0F0 solid; padding:0px; vertical-align: top; background-color: #F7F7F7\"><td style=\"vertical-align: top; text-align : left; background-color: #F7F7F7; border: 0px #F0F0F0 solid; padding:0px 4px 0px 4px; white-space: nowrap; background-image: url(tbl_bck110.png)\" class=\"hierarchy\"><img src=\"tbl_spacer.png\" alt=\".\" style=\"background-color: inherit\" class=\"hierarchy\"/><img src=\"tbl_vline.png\" alt=\".\" style=\"background-color: inherit\" class=\"hierarchy\"/><img src=\"tbl_vjoin.png\" alt=\".\" style=\"background-color: inherit\" class=\"hierarchy\"/><img src=\"icon_datatype.gif\" alt=\".\" style=\"background-color: #F7F7F7; background-color: inherit\" title=\"Data Type\" class=\"hierarchy\"/> <a href=\"StructureDefinition-VirtualPharmaceuticalProdutGroup-definitions.html#VirtualPharmaceuticalProdutGroup.administratitionRoute.route\" title=\"route for administrating\">route</a><a name=\"VirtualPharmaceuticalProdutGroup.administratitionRoute.route\"> </a></td><td style=\"vertical-align: top; text-align : left; background-color: #F7F7F7; border: 0px #F0F0F0 solid; padding:0px 4px 0px 4px\" class=\"hierarchy\"/><td style=\"vertical-align: top; text-align : left; background-color: #F7F7F7; border: 0px #F0F0F0 solid; padding:0px 4px 0px 4px\" class=\"hierarchy\">1..1</td><td style=\"vertical-align: top; text-align : left; background-color: #F7F7F7; border: 0px #F0F0F0 solid; padding:0px 4px 0px 4px\" class=\"hierarchy\"><a href=\"http://hl7.org/fhir/R4/datatypes.html#CodeableConcept\">CodeableConcept</a></td><td style=\"vertical-align: top; text-align : left; background-color: #F7F7F7; border: 0px #F0F0F0 solid; padding:0px 4px 0px 4px\" class=\"hierarchy\">route for administrating</td></tr>\r\n<tr style=\"border: 0px #F0F0F0 solid; padding:0px; vertical-align: top; background-color: white\"><td style=\"vertical-align: top; text-align : left; background-color: white; border: 0px #F0F0F0 solid; padding:0px 4px 0px 4px; white-space: nowrap; background-image: url(tbl_bck100.png)\" class=\"hierarchy\"><img src=\"tbl_spacer.png\" alt=\".\" style=\"background-color: inherit\" class=\"hierarchy\"/><img src=\"tbl_vline.png\" alt=\".\" style=\"background-color: inherit\" class=\"hierarchy\"/><img src=\"tbl_vjoin_end.png\" alt=\".\" style=\"background-color: inherit\" class=\"hierarchy\"/><img src=\"icon_primitive.png\" alt=\".\" style=\"background-color: white; background-color: inherit\" title=\"Primitive Data Type\" class=\"hierarchy\"/> <a href=\"StructureDefinition-VirtualPharmaceuticalProdutGroup-definitions.html#VirtualPharmaceuticalProdutGroup.administratitionRoute.type\" title=\"type of route administration, offlabel, official\">type</a><a name=\"VirtualPharmaceuticalProdutGroup.administratitionRoute.type\"> </a></td><td style=\"vertical-align: top; text-align : left; background-color: white; border: 0px #F0F0F0 solid; padding:0px 4px 0px 4px\" class=\"hierarchy\"/><td style=\"vertical-align: top; text-align : left; background-color: white; border: 0px #F0F0F0 solid; padding:0px 4px 0px 4px\" class=\"hierarchy\">1..1</td><td style=\"vertical-align: top; text-align : left; background-color: white; border: 0px #F0F0F0 solid; padding:0px 4px 0px 4px\" class=\"hierarchy\"><a href=\"http://hl7.org/fhir/R4/datatypes.html#string\">string</a></td><td style=\"vertical-align: top; text-align : left; background-color: white; border: 0px #F0F0F0 solid; padding:0px 4px 0px 4px\" class=\"hierarchy\">type of route administration, offlabel, official</td></tr>\r\n<tr style=\"border: 0px #F0F0F0 solid; padding:0px; vertical-align: top; background-color: #F7F7F7\"><td style=\"vertical-align: top; text-align : left; background-color: #F7F7F7; border: 0px #F0F0F0 solid; padding:0px 4px 0px 4px; white-space: nowrap; background-image: url(tbl_bck01.png)\" class=\"hierarchy\"><img src=\"tbl_spacer.png\" alt=\".\" style=\"background-color: inherit\" class=\"hierarchy\"/><img src=\"tbl_vjoin_end.png\" alt=\".\" style=\"background-color: inherit\" class=\"hierarchy\"/><img src=\"icon_datatype.gif\" alt=\".\" style=\"background-color: #F7F7F7; background-color: inherit\" title=\"Data Type\" class=\"hierarchy\"/> <a href=\"StructureDefinition-VirtualPharmaceuticalProdutGroup-definitions.html#VirtualPharmaceuticalProdutGroup.ingredient\" title=\"substance present in the product\">ingredient</a><a name=\"VirtualPharmaceuticalProdutGroup.ingredient\"> </a></td><td style=\"vertical-align: top; text-align : left; background-color: #F7F7F7; border: 0px #F0F0F0 solid; padding:0px 4px 0px 4px\" class=\"hierarchy\"/><td style=\"vertical-align: top; text-align : left; background-color: #F7F7F7; border: 0px #F0F0F0 solid; padding:0px 4px 0px 4px\" class=\"hierarchy\">0..*</td><td style=\"vertical-align: top; text-align : left; background-color: #F7F7F7; border: 0px #F0F0F0 solid; padding:0px 4px 0px 4px\" class=\"hierarchy\"><a href=\"http://hl7.org/fhir/R4/datatypes.html#BackboneElement\">BackboneElement</a></td><td style=\"vertical-align: top; text-align : left; background-color: #F7F7F7; border: 0px #F0F0F0 solid; padding:0px 4px 0px 4px\" class=\"hierarchy\">substance present in the product<br/></td></tr>\r\n<tr style=\"border: 0px #F0F0F0 solid; padding:0px; vertical-align: top; background-color: white\"><td style=\"vertical-align: top; text-align : left; background-color: white; border: 0px #F0F0F0 solid; padding:0px 4px 0px 4px; white-space: nowrap; background-image: url(tbl_bck010.png)\" class=\"hierarchy\"><img src=\"tbl_spacer.png\" alt=\".\" style=\"background-color: inherit\" class=\"hierarchy\"/><img src=\"tbl_blank.png\" alt=\".\" style=\"background-color: inherit\" class=\"hierarchy\"/><img src=\"tbl_vjoin.png\" alt=\".\" style=\"background-color: inherit\" class=\"hierarchy\"/><img src=\"icon_reference.png\" alt=\".\" style=\"background-color: white; background-color: inherit\" title=\"Reference to another Resource\" class=\"hierarchy\"/> <a href=\"StructureDefinition-VirtualPharmaceuticalProdutGroup-definitions.html#VirtualPharmaceuticalProdutGroup.ingredient.reference\" title=\"referencing other substances\">reference</a><a name=\"VirtualPharmaceuticalProdutGroup.ingredient.reference\"> </a></td><td style=\"vertical-align: top; text-align : left; background-color: white; border: 0px #F0F0F0 solid; padding:0px 4px 0px 4px\" class=\"hierarchy\"/><td style=\"vertical-align: top; text-align : left; background-color: white; border: 0px #F0F0F0 solid; padding:0px 4px 0px 4px\" class=\"hierarchy\">1..1</td><td style=\"vertical-align: top; text-align : left; background-color: white; border: 0px #F0F0F0 solid; padding:0px 4px 0px 4px\" class=\"hierarchy\"><a href=\"http://hl7.org/fhir/R4/references.html\">Reference</a>(<a href=\"http://hl7.org/fhir/R4/medicationknowledge.html\">MedicationKnowledge</a>)</td><td style=\"vertical-align: top; text-align : left; background-color: white; border: 0px #F0F0F0 solid; padding:0px 4px 0px 4px\" class=\"hierarchy\">referencing other substances</td></tr>\r\n<tr style=\"border: 0px #F0F0F0 solid; padding:0px; vertical-align: top; background-color: #F7F7F7\"><td style=\"vertical-align: top; text-align : left; background-color: #F7F7F7; border: 0px #F0F0F0 solid; padding:0px 4px 0px 4px; white-space: nowrap; background-image: url(tbl_bck010.png)\" class=\"hierarchy\"><img src=\"tbl_spacer.png\" alt=\".\" style=\"background-color: inherit\" class=\"hierarchy\"/><img src=\"tbl_blank.png\" alt=\".\" style=\"background-color: inherit\" class=\"hierarchy\"/><img src=\"tbl_vjoin.png\" alt=\".\" style=\"background-color: inherit\" class=\"hierarchy\"/><img src=\"icon_primitive.png\" alt=\".\" style=\"background-color: #F7F7F7; background-color: inherit\" title=\"Primitive Data Type\" class=\"hierarchy\"/> <a href=\"StructureDefinition-VirtualPharmaceuticalProdutGroup-definitions.html#VirtualPharmaceuticalProdutGroup.ingredient.role\" title=\"active principle, color, excipient\">role</a><a name=\"VirtualPharmaceuticalProdutGroup.ingredient.role\"> </a></td><td style=\"vertical-align: top; text-align : left; background-color: #F7F7F7; border: 0px #F0F0F0 solid; padding:0px 4px 0px 4px\" class=\"hierarchy\"/><td style=\"vertical-align: top; text-align : left; background-color: #F7F7F7; border: 0px #F0F0F0 solid; padding:0px 4px 0px 4px\" class=\"hierarchy\">1..1</td><td style=\"vertical-align: top; text-align : left; background-color: #F7F7F7; border: 0px #F0F0F0 solid; padding:0px 4px 0px 4px\" class=\"hierarchy\"><a href=\"http://hl7.org/fhir/R4/datatypes.html#string\">string</a></td><td style=\"vertical-align: top; text-align : left; background-color: #F7F7F7; border: 0px #F0F0F0 solid; padding:0px 4px 0px 4px\" class=\"hierarchy\">active principle, color, excipient</td></tr>\r\n<tr style=\"border: 0px #F0F0F0 solid; padding:0px; vertical-align: top; background-color: white\"><td style=\"vertical-align: top; text-align : left; background-color: white; border: 0px #F0F0F0 solid; padding:0px 4px 0px 4px; white-space: nowrap; background-image: url(tbl_bck001.png)\" class=\"hierarchy\"><img src=\"tbl_spacer.png\" alt=\".\" style=\"background-color: inherit\" class=\"hierarchy\"/><img src=\"tbl_blank.png\" alt=\".\" style=\"background-color: inherit\" class=\"hierarchy\"/><img src=\"tbl_vjoin_end.png\" alt=\".\" style=\"background-color: inherit\" class=\"hierarchy\"/><img src=\"icon_choice.gif\" alt=\".\" style=\"background-color: white; background-color: inherit\" title=\"Choice of Types\" class=\"hierarchy\"/> <a href=\"StructureDefinition-VirtualPharmaceuticalProdutGroup-definitions.html#VirtualPharmaceuticalProdutGroup.ingredient.strength[x]\" title=\"strength of the ingridient\">strength[x]</a><a name=\"VirtualPharmaceuticalProdutGroup.ingredient.strength_x_\"> </a></td><td style=\"vertical-align: top; text-align : left; background-color: white; border: 0px #F0F0F0 solid; padding:0px 4px 0px 4px\" class=\"hierarchy\"/><td style=\"vertical-align: top; text-align : left; background-color: white; border: 0px #F0F0F0 solid; padding:0px 4px 0px 4px\" class=\"hierarchy\">1..1</td><td style=\"vertical-align: top; text-align : left; background-color: white; border: 0px #F0F0F0 solid; padding:0px 4px 0px 4px\" class=\"hierarchy\"/><td style=\"vertical-align: top; text-align : left; background-color: white; border: 0px #F0F0F0 solid; padding:0px 4px 0px 4px\" class=\"hierarchy\">strength of the ingridient</td></tr>\r\n<tr style=\"border: 0px #F0F0F0 solid; padding:0px; vertical-align: top; background-color: #F7F7F7\"><td style=\"vertical-align: top; text-align : left; background-color: #F7F7F7; border: 0px #F0F0F0 solid; padding:0px 4px 0px 4px; white-space: nowrap; background-image: url(tbl_bck0010.png)\" class=\"hierarchy\"><img src=\"tbl_spacer.png\" alt=\".\" style=\"background-color: inherit\" class=\"hierarchy\"/><img src=\"tbl_blank.png\" alt=\".\" style=\"background-color: inherit\" class=\"hierarchy\"/><img src=\"tbl_blank.png\" alt=\".\" style=\"background-color: inherit\" class=\"hierarchy\"/><img src=\"tbl_vjoin.png\" alt=\".\" style=\"background-color: inherit\" class=\"hierarchy\"/><img src=\"icon_datatype.gif\" alt=\".\" style=\"background-color: #F7F7F7; background-color: inherit\" title=\"Data Type\" class=\"hierarchy\"/> <span title=\"Base StructureDefinition for Ratio Type: A relationship of two Quantity values - expressed as a numerator and a denominator.\">strengthRatio</span></td><td style=\"vertical-align: top; text-align : left; background-color: #F7F7F7; border: 0px #F0F0F0 solid; padding:0px 4px 0px 4px\" class=\"hierarchy\"/><td style=\"vertical-align: top; text-align : left; background-color: #F7F7F7; border: 0px #F0F0F0 solid; padding:0px 4px 0px 4px\" class=\"hierarchy\"></td><td style=\"vertical-align: top; text-align : left; background-color: #F7F7F7; border: 0px #F0F0F0 solid; padding:0px 4px 0px 4px\" class=\"hierarchy\"><a href=\"http://hl7.org/fhir/R4/datatypes.html#Ratio\">Ratio</a></td><td style=\"vertical-align: top; text-align : left; background-color: #F7F7F7; border: 0px #F0F0F0 solid; padding:0px 4px 0px 4px\" class=\"hierarchy\"/></tr>\r\n<tr style=\"border: 0px #F0F0F0 solid; padding:0px; vertical-align: top; background-color: white\"><td style=\"vertical-align: top; text-align : left; background-color: white; border: 0px #F0F0F0 solid; padding:0px 4px 0px 4px; white-space: nowrap; background-image: url(tbl_bck0010.png)\" class=\"hierarchy\"><img src=\"tbl_spacer.png\" alt=\".\" style=\"background-color: inherit\" class=\"hierarchy\"/><img src=\"tbl_blank.png\" alt=\".\" style=\"background-color: inherit\" class=\"hierarchy\"/><img src=\"tbl_blank.png\" alt=\".\" style=\"background-color: inherit\" class=\"hierarchy\"/><img src=\"tbl_vjoin.png\" alt=\".\" style=\"background-color: inherit\" class=\"hierarchy\"/><img src=\"icon_datatype.gif\" alt=\".\" style=\"background-color: white; background-color: inherit\" title=\"Data Type\" class=\"hierarchy\"/> <span title=\"Base StructureDefinition for CodeableConcept Type: A concept that may be defined by a formal reference to a terminology or ontology or may be provided by text.\">strengthCodeableConcept</span></td><td style=\"vertical-align: top; text-align : left; background-color: white; border: 0px #F0F0F0 solid; padding:0px 4px 0px 4px\" class=\"hierarchy\"/><td style=\"vertical-align: top; text-align : left; background-color: white; border: 0px #F0F0F0 solid; padding:0px 4px 0px 4px\" class=\"hierarchy\"></td><td style=\"vertical-align: top; text-align : left; background-color: white; border: 0px #F0F0F0 solid; padding:0px 4px 0px 4px\" class=\"hierarchy\"><a href=\"http://hl7.org/fhir/R4/datatypes.html#CodeableConcept\">CodeableConcept</a></td><td style=\"vertical-align: top; text-align : left; background-color: white; border: 0px #F0F0F0 solid; padding:0px 4px 0px 4px\" class=\"hierarchy\"/></tr>\r\n<tr style=\"border: 0px #F0F0F0 solid; padding:0px; vertical-align: top; background-color: #F7F7F7\"><td style=\"vertical-align: top; text-align : left; background-color: #F7F7F7; border: 0px #F0F0F0 solid; padding:0px 4px 0px 4px; white-space: nowrap; background-image: url(tbl_bck0000.png)\" class=\"hierarchy\"><img src=\"tbl_spacer.png\" alt=\".\" style=\"background-color: inherit\" class=\"hierarchy\"/><img src=\"tbl_blank.png\" alt=\".\" style=\"background-color: inherit\" class=\"hierarchy\"/><img src=\"tbl_blank.png\" alt=\".\" style=\"background-color: inherit\" class=\"hierarchy\"/><img src=\"tbl_vjoin_end.png\" alt=\".\" style=\"background-color: inherit\" class=\"hierarchy\"/><img src=\"icon_datatype.gif\" alt=\".\" style=\"background-color: #F7F7F7; background-color: inherit\" title=\"Data Type\" class=\"hierarchy\"/> <span title=\"Base StructureDefinition for Quantity Type: A measured amount (or an amount that can potentially be measured). Note that measured amounts include amounts that are not precisely quantified, including amounts involving arbitrary units and floating currencies.\">strengthQuantity</span></td><td style=\"vertical-align: top; text-align : left; background-color: #F7F7F7; border: 0px #F0F0F0 solid; padding:0px 4px 0px 4px\" class=\"hierarchy\"/><td style=\"vertical-align: top; text-align : left; background-color: #F7F7F7; border: 0px #F0F0F0 solid; padding:0px 4px 0px 4px\" class=\"hierarchy\"></td><td style=\"vertical-align: top; text-align : left; background-color: #F7F7F7; border: 0px #F0F0F0 solid; padding:0px 4px 0px 4px\" class=\"hierarchy\"><a href=\"http://hl7.org/fhir/R4/datatypes.html#Quantity\">Quantity</a></td><td style=\"vertical-align: top; text-align : left; background-color: #F7F7F7; border: 0px #F0F0F0 solid; padding:0px 4px 0px 4px\" class=\"hierarchy\"/></tr>\r\n<tr><td colspan=\"5\" class=\"hierarchy\"><br/><a href=\"http://hl7.org/fhir/R4/formats.html#table\" title=\"Legend for this format\"><img src=\"http://hl7.org/fhir/R4/help16.png\" alt=\"doco\" style=\"background-color: inherit\"/> Documentation for this format</a></td></tr></table></div>"},"url":"http://hl7.org/fhir/us/example/StructureDefinition/VirtualPharmaceuticalProdutGroup","version":"0.1.0","name":"VirtualPharmaceuticalProdutGroup","title":"Virtual Pharmaceutical Product Group logical model","status":"active","date":"2022-01-27T13:14:27+00:00","description":"Virtual Pharmaceutical Product Group logical model","fhirVersion":"4.0.1","mapping":[{"identity":"rim","uri":"http://hl7.org/v3","name":"RIM Mapping"}],"kind":"logical","abstract":false,"type":"http://hl7.org/fhir/us/example/StructureDefinition/VirtualPharmaceuticalProdutGroup","baseDefinition":"http://hl7.org/fhir/StructureDefinition/Base","derivation":"specialization","snapshot":{"element":[{"id":"VirtualPharmaceuticalProdutGroup","path":"VirtualPharmaceuticalProdutGroup","short":"Virtual Pharmaceutical Product Group logical model","definition":"Virtual Pharmaceutical Product Group logical model","min":0,"max":"*","base":{"path":"Base","min":0,"max":"*"},"isModifier":false},{"id":"VirtualPharmaceuticalProdutGroup.identifier","path":"VirtualPharmaceuticalProdutGroup.identifier","short":"Business identifier for this medication","definition":"Business identifier for this medication","min":0,"max":"*","base":{"path":"VirtualPharmaceuticalProdutGroup.identifier","min":0,"max":"*"},"type":[{"code":"Identifier"}]},{"id":"VirtualPharmaceuticalProdutGroup.code","path":"VirtualPharmaceuticalProdutGroup.code","short":"Code that identifies this medication","definition":"Code that identifies this medication","min":0,"max":"*","base":{"path":"VirtualPharmaceuticalProdutGroup.code","min":0,"max":"*"},"type":[{"code":"CodeableConcept"}]},{"id":"VirtualPharmaceuticalProdutGroup.version","path":"VirtualPharmaceuticalProdutGroup.version","short":"business version of the product","definition":"business version of the product","min":0,"max":"1","base":{"path":"VirtualPharmaceuticalProdutGroup.version","min":0,"max":"1"},"type":[{"code":"string"}]},{"id":"VirtualPharmaceuticalProdutGroup.regulatoryStatus","path":"VirtualPharmaceuticalProdutGroup.regulatoryStatus","short":"active non active","definition":"active non active","min":0,"max":"1","base":{"path":"VirtualPharmaceuticalProdutGroup.regulatoryStatus","min":0,"max":"1"},"type":[{"code":"string"}]},{"id":"VirtualPharmaceuticalProdutGroup.domain","path":"VirtualPharmaceuticalProdutGroup.domain","short":"human or veterinary","definition":"human or veterinary","min":0,"max":"1","base":{"path":"VirtualPharmaceuticalProdutGroup.domain","min":0,"max":"1"},"type":[{"code":"string"}]},{"id":"VirtualPharmaceuticalProdutGroup.indication","path":"VirtualPharmaceuticalProdutGroup.indication","short":"indication of the product","definition":"human or veterinary","min":0,"max":"*","base":{"path":"VirtualPharmaceuticalProdutGroup.indication","min":0,"max":"*"},"type":[{"code":"CodeableConcept"}]},{"id":"VirtualPharmaceuticalProdutGroup.associatedCondition","path":"VirtualPharmaceuticalProdutGroup.associatedCondition","short":"associated conditions","definition":"associated conditions","min":0,"max":"*","base":{"path":"VirtualPharmaceuticalProdutGroup.associatedCondition","min":0,"max":"*"},"type":[{"code":"CodeableConcept"}]},{"id":"VirtualPharmaceuticalProdutGroup.name","path":"VirtualPharmaceuticalProdutGroup.name","short":"Product Name","definition":"Product Name","min":1,"max":"*","base":{"path":"VirtualPharmaceuticalProdutGroup.name","min":1,"max":"*"},"type":[{"code":"BackboneElement"}]},{"id":"VirtualPharmaceuticalProdutGroup.name.productName","path":"VirtualPharmaceuticalProdutGroup.name.productName","short":"actual name of the product","definition":"actual name of the product","min":1,"max":"1","base":{"path":"VirtualPharmaceuticalProdutGroup.name.productName","min":1,"max":"1"},"type":[{"code":"string"}]},{"id":"VirtualPharmaceuticalProdutGroup.name.type","path":"VirtualPharmaceuticalProdutGroup.name.type","short":"type of naming","definition":"type of naming","min":1,"max":"1","base":{"path":"VirtualPharmaceuticalProdutGroup.name.type","min":1,"max":"1"},"type":[{"code":"CodeableConcept"}]},{"id":"VirtualPharmaceuticalProdutGroup.name.namePart","path":"VirtualPharmaceuticalProdutGroup.name.namePart","short":"selecting parts of name for inteligeble purposes","definition":"selecting parts of name for inteligeble purposes","min":0,"max":"*","base":{"path":"VirtualPharmaceuticalProdutGroup.name.namePart","min":0,"max":"*"},"type":[{"code":"BackboneElement"}]},{"id":"VirtualPharmaceuticalProdutGroup.name.namePart.part","path":"VirtualPharmaceuticalProdutGroup.name.namePart.part","short":"part of name","definition":"part of name","min":1,"max":"1","base":{"path":"VirtualPharmaceuticalProdutGroup.name.namePart.part","min":1,"max":"1"},"type":[{"code":"string"}]},{"id":"VirtualPharmaceuticalProdutGroup.name.namePart.type","path":"VirtualPharmaceuticalProdutGroup.name.namePart.type","short":"type of elemente defining -strength, pharmaceutical form, etc","definition":"type of elemente defining -strength, pharmaceutical form, etc","min":1,"max":"1","base":{"path":"VirtualPharmaceuticalProdutGroup.name.namePart.type","min":1,"max":"1"},"type":[{"code":"CodeableConcept"}]},{"id":"VirtualPharmaceuticalProdutGroup.name.countryLanguage","path":"VirtualPharmaceuticalProdutGroup.name.countryLanguage","short":"country for which country the name is defined","definition":"country for which country the name is defined","min":0,"max":"*","base":{"path":"VirtualPharmaceuticalProdutGroup.name.countryLanguage","min":0,"max":"*"},"type":[{"code":"BackboneElement"}]},{"id":"VirtualPharmaceuticalProdutGroup.name.countryLanguage.country","path":"VirtualPharmaceuticalProdutGroup.name.countryLanguage.country","short":"country","definition":"country","min":1,"max":"1","base":{"path":"VirtualPharmaceuticalProdutGroup.name.countryLanguage.country","min":1,"max":"1"},"type":[{"code":"CodeableConcept"}]},{"id":"VirtualPharmaceuticalProdutGroup.name.countryLanguage.jurisdiction","path":"VirtualPharmaceuticalProdutGroup.name.countryLanguage.jurisdiction","short":"jurisdiction that applies","definition":"jurisdiction that applies","min":0,"max":"1","base":{"path":"VirtualPharmaceuticalProdutGroup.name.countryLanguage.jurisdiction","min":0,"max":"1"},"type":[{"code":"CodeableConcept"}]},{"id":"VirtualPharmaceuticalProdutGroup.name.countryLanguage.language","path":"VirtualPharmaceuticalProdutGroup.name.countryLanguage.language","short":"language applicable","definition":"language applicable","min":1,"max":"1","base":{"path":"VirtualPharmaceuticalProdutGroup.name.countryLanguage.language","min":1,"max":"1"},"type":[{"code":"CodeableConcept"}]},{"id":"VirtualPharmaceuticalProdutGroup.granularity","path":"VirtualPharmaceuticalProdutGroup.granularity","short":"level of product, substance, pharmaceutical product, medicinal product or packaged medicinal product","definition":"level of product, substance, pharmaceutical product, medicinal product or packaged medicinal product","min":0,"max":"1","base":{"path":"VirtualPharmaceuticalProdutGroup.granularity","min":0,"max":"1"},"type":[{"code":"CodeableConcept"}]},{"id":"VirtualPharmaceuticalProdutGroup.mechanismOfAction","path":"VirtualPharmaceuticalProdutGroup.mechanismOfAction","short":"mechanism of action of drug","definition":"mechanism of action of drug","min":0,"max":"1","base":{"path":"VirtualPharmaceuticalProdutGroup.mechanismOfAction","min":0,"max":"1"},"type":[{"code":"string"}]},{"id":"VirtualPharmaceuticalProdutGroup.drugType","path":"VirtualPharmaceuticalProdutGroup.drugType","short":"type of drug - small molecule, biologic, etc","definition":"type of drug - small molecule, biologic, etc","min":0,"max":"1","base":{"path":"VirtualPharmaceuticalProdutGroup.drugType","min":0,"max":"1"},"type":[{"code":"string"}]},{"id":"VirtualPharmaceuticalProdutGroup.sideEffects","path":"VirtualPharmaceuticalProdutGroup.sideEffects","short":"side effects known","definition":"side effects known","min":0,"max":"*","base":{"path":"VirtualPharmaceuticalProdutGroup.sideEffects","min":0,"max":"*"},"type":[{"code":"CodeableConcept"}]},{"id":"VirtualPharmaceuticalProdutGroup.interactions","path":"VirtualPharmaceuticalProdutGroup.interactions","short":"known interactions","definition":"known interactions","min":0,"max":"*","base":{"path":"VirtualPharmaceuticalProdutGroup.interactions","min":0,"max":"*"},"type":[{"code":"BackboneElement"}]},{"id":"VirtualPharmaceuticalProdutGroup.interactions.type","path":"VirtualPharmaceuticalProdutGroup.interactions.type","short":"type of interaction","definition":"type of interaction","min":1,"max":"1","base":{"path":"VirtualPharmaceuticalProdutGroup.interactions.type","min":1,"max":"1"},"type":[{"code":"string"}]},{"id":"VirtualPharmaceuticalProdutGroup.interactions.substance","path":"VirtualPharmaceuticalProdutGroup.interactions.substance","short":"product","definition":"product","min":1,"max":"1","base":{"path":"VirtualPharmaceuticalProdutGroup.interactions.substance","min":1,"max":"1"},"type":[{"code":"Reference","targetProfile":["http://hl7.org/fhir/StructureDefinition/MedicationKnowledge"]}]},{"id":"VirtualPharmaceuticalProdutGroup.interactions.reaction","path":"VirtualPharmaceuticalProdutGroup.interactions.reaction","short":"what is the reaction","definition":"what is the reaction","min":0,"max":"1","base":{"path":"VirtualPharmaceuticalProdutGroup.interactions.reaction","min":0,"max":"1"},"type":[{"code":"string"}]},{"id":"VirtualPharmaceuticalProdutGroup.interactions.riskLevel","path":"VirtualPharmaceuticalProdutGroup.interactions.riskLevel","short":"level of risk","definition":"level of risk","min":0,"max":"1","base":{"path":"VirtualPharmaceuticalProdutGroup.interactions.riskLevel","min":0,"max":"1"},"type":[{"code":"string"}]},{"id":"VirtualPharmaceuticalProdutGroup.interactions.clinicalIssue","path":"VirtualPharmaceuticalProdutGroup.interactions.clinicalIssue","short":"reference for clinicalIssue","definition":"reference for clinicalIssue","min":0,"max":"*","base":{"path":"VirtualPharmaceuticalProdutGroup.interactions.clinicalIssue","min":0,"max":"*"},"type":[{"code":"Reference","targetProfile":["http://hl7.org/fhir/StructureDefinition/DetectedIssue"]}]},{"id":"VirtualPharmaceuticalProdutGroup.contraIndication","path":"VirtualPharmaceuticalProdutGroup.contraIndication","short":"contraindication","definition":"contraindication","min":0,"max":"*","base":{"path":"VirtualPharmaceuticalProdutGroup.contraIndication","min":0,"max":"*"},"type":[{"code":"CodeableConcept"}]},{"id":"VirtualPharmaceuticalProdutGroup.masterfile","path":"VirtualPharmaceuticalProdutGroup.masterfile","short":"masterfile from where the product comes from","definition":"masterfile from where the product comes from","min":0,"max":"*","base":{"path":"VirtualPharmaceuticalProdutGroup.masterfile","min":0,"max":"*"},"type":[{"code":"Reference","targetProfile":["http://hl7.org/fhir/StructureDefinition/DocumentReference"]}]},{"id":"VirtualPharmaceuticalProdutGroup.classification","path":"VirtualPharmaceuticalProdutGroup.classification","short":"drug classification, atc, internal, etc","definition":"drug classification, atc, internal, etc","min":0,"max":"*","base":{"path":"VirtualPharmaceuticalProdutGroup.classification","min":0,"max":"*"},"type":[{"code":"CodeableConcept"}]},{"id":"VirtualPharmaceuticalProdutGroup.drugCharacteristics","path":"VirtualPharmaceuticalProdutGroup.drugCharacteristics","short":"characteristics for drug, opioid, etc","definition":"characteristics for drug, opioid, etc","min":0,"max":"*","base":{"path":"VirtualPharmaceuticalProdutGroup.drugCharacteristics","min":0,"max":"*"},"type":[{"code":"CodeableConcept"}]},{"id":"VirtualPharmaceuticalProdutGroup.administratitionRoute","path":"VirtualPharmaceuticalProdutGroup.administratitionRoute","short":"route for administrating","definition":"route for administrating","min":1,"max":"*","base":{"path":"VirtualPharmaceuticalProdutGroup.administratitionRoute","min":1,"max":"*"},"type":[{"code":"BackboneElement"}]},{"id":"VirtualPharmaceuticalProdutGroup.administratitionRoute.route","path":"VirtualPharmaceuticalProdutGroup.administratitionRoute.route","short":"route for administrating","definition":"route for administrating","min":1,"max":"1","base":{"path":"VirtualPharmaceuticalProdutGroup.administratitionRoute.route","min":1,"max":"1"},"type":[{"code":"CodeableConcept"}]},{"id":"VirtualPharmaceuticalProdutGroup.administratitionRoute.type","path":"VirtualPharmaceuticalProdutGroup.administratitionRoute.type","short":"type of route administration, offlabel, official","definition":"type of route administration, offlabel, official","min":1,"max":"1","base":{"path":"VirtualPharmaceuticalProdutGroup.administratitionRoute.type","min":1,"max":"1"},"type":[{"code":"string"}]},{"id":"VirtualPharmaceuticalProdutGroup.ingredient","path":"VirtualPharmaceuticalProdutGroup.ingredient","short":"substance present in the product","definition":"substance present in the product","min":0,"max":"*","base":{"path":"VirtualPharmaceuticalProdutGroup.ingredient","min":0,"max":"*"},"type":[{"code":"BackboneElement"}]},{"id":"VirtualPharmaceuticalProdutGroup.ingredient.reference","path":"VirtualPharmaceuticalProdutGroup.ingredient.reference","short":"referencing other substances","definition":"referencing other substances","min":1,"max":"1","base":{"path":"VirtualPharmaceuticalProdutGroup.ingredient.reference","min":1,"max":"1"},"type":[{"code":"Reference","targetProfile":["http://hl7.org/fhir/StructureDefinition/MedicationKnowledge"]}]},{"id":"VirtualPharmaceuticalProdutGroup.ingredient.role","path":"VirtualPharmaceuticalProdutGroup.ingredient.role","short":"active principle, color, excipient","definition":"active principle, color, excipient","min":1,"max":"1","base":{"path":"VirtualPharmaceuticalProdutGroup.ingredient.role","min":1,"max":"1"},"type":[{"code":"string"}]},{"id":"VirtualPharmaceuticalProdutGroup.ingredient.strength[x]","path":"VirtualPharmaceuticalProdutGroup.ingredient.strength[x]","short":"strength of the ingridient","definition":"strength of the ingridient","min":1,"max":"1","base":{"path":"VirtualPharmaceuticalProdutGroup.ingredient.strength[x]","min":1,"max":"1"},"type":[{"code":"Ratio"},{"code":"CodeableConcept"},{"code":"Quantity"}]}]},"differential":{"element":[{"id":"VirtualPharmaceuticalProdutGroup","path":"VirtualPharmaceuticalProdutGroup","short":"Virtual Pharmaceutical Product Group logical model","definition":"Virtual Pharmaceutical Product Group logical model"},{"id":"VirtualPharmaceuticalProdutGroup.identifier","path":"VirtualPharmaceuticalProdutGroup.identifier","short":"Business identifier for this medication","definition":"Business identifier for this medication","min":0,"max":"*","type":[{"code":"Identifier"}]},{"id":"VirtualPharmaceuticalProdutGroup.code","path":"VirtualPharmaceuticalProdutGroup.code","short":"Code that identifies this medication","definition":"Code that identifies this medication","min":0,"max":"*","type":[{"code":"CodeableConcept"}]},{"id":"VirtualPharmaceuticalProdutGroup.version","path":"VirtualPharmaceuticalProdutGroup.version","short":"business version of the product","definition":"business version of the product","min":0,"max":"1","type":[{"code":"string"}]},{"id":"VirtualPharmaceuticalProdutGroup.regulatoryStatus","path":"VirtualPharmaceuticalProdutGroup.regulatoryStatus","short":"active non active","definition":"active non active","min":0,"max":"1","type":[{"code":"string"}]},{"id":"VirtualPharmaceuticalProdutGroup.domain","path":"VirtualPharmaceuticalProdutGroup.domain","short":"human or veterinary","definition":"human or veterinary","min":0,"max":"1","type":[{"code":"string"}]},{"id":"VirtualPharmaceuticalProdutGroup.indication","path":"VirtualPharmaceuticalProdutGroup.indication","short":"indication of the product","definition":"human or veterinary","min":0,"max":"*","type":[{"code":"CodeableConcept"}]},{"id":"VirtualPharmaceuticalProdutGroup.associatedCondition","path":"VirtualPharmaceuticalProdutGroup.associatedCondition","short":"associated conditions","definition":"associated conditions","min":0,"max":"*","type":[{"code":"CodeableConcept"}]},{"id":"VirtualPharmaceuticalProdutGroup.name","path":"VirtualPharmaceuticalProdutGroup.name","short":"Product Name","definition":"Product Name","min":1,"max":"*","type":[{"code":"BackboneElement"}]},{"id":"VirtualPharmaceuticalProdutGroup.name.productName","path":"VirtualPharmaceuticalProdutGroup.name.productName","short":"actual name of the product","definition":"actual name of the product","min":1,"max":"1","type":[{"code":"string"}]},{"id":"VirtualPharmaceuticalProdutGroup.name.type","path":"VirtualPharmaceuticalProdutGroup.name.type","short":"type of naming","definition":"type of naming","min":1,"max":"1","type":[{"code":"CodeableConcept"}]},{"id":"VirtualPharmaceuticalProdutGroup.name.namePart","path":"VirtualPharmaceuticalProdutGroup.name.namePart","short":"selecting parts of name for inteligeble purposes","definition":"selecting parts of name for inteligeble purposes","min":0,"max":"*","type":[{"code":"BackboneElement"}]},{"id":"VirtualPharmaceuticalProdutGroup.name.namePart.part","path":"VirtualPharmaceuticalProdutGroup.name.namePart.part","short":"part of name","definition":"part of name","min":1,"max":"1","type":[{"code":"string"}]},{"id":"VirtualPharmaceuticalProdutGroup.name.namePart.type","path":"VirtualPharmaceuticalProdutGroup.name.namePart.type","short":"type of elemente defining -strength, pharmaceutical form, etc","definition":"type of elemente defining -strength, pharmaceutical form, etc","min":1,"max":"1","type":[{"code":"CodeableConcept"}]},{"id":"VirtualPharmaceuticalProdutGroup.name.countryLanguage","path":"VirtualPharmaceuticalProdutGroup.name.countryLanguage","short":"country for which country the name is defined","definition":"country for which country the name is defined","min":0,"max":"*","type":[{"code":"BackboneElement"}]},{"id":"VirtualPharmaceuticalProdutGroup.name.countryLanguage.country","path":"VirtualPharmaceuticalProdutGroup.name.countryLanguage.country","short":"country","definition":"country","min":1,"max":"1","type":[{"code":"CodeableConcept"}]},{"id":"VirtualPharmaceuticalProdutGroup.name.countryLanguage.jurisdiction","path":"VirtualPharmaceuticalProdutGroup.name.countryLanguage.jurisdiction","short":"jurisdiction that applies","definition":"jurisdiction that applies","min":0,"max":"1","type":[{"code":"CodeableConcept"}]},{"id":"VirtualPharmaceuticalProdutGroup.name.countryLanguage.language","path":"VirtualPharmaceuticalProdutGroup.name.countryLanguage.language","short":"language applicable","definition":"language applicable","min":1,"max":"1","type":[{"code":"CodeableConcept"}]},{"id":"VirtualPharmaceuticalProdutGroup.granularity","path":"VirtualPharmaceuticalProdutGroup.granularity","short":"level of product, substance, pharmaceutical product, medicinal product or packaged medicinal product","definition":"level of product, substance, pharmaceutical product, medicinal product or packaged medicinal product","min":0,"max":"1","type":[{"code":"CodeableConcept"}]},{"id":"VirtualPharmaceuticalProdutGroup.mechanismOfAction","path":"VirtualPharmaceuticalProdutGroup.mechanismOfAction","short":"mechanism of action of drug","definition":"mechanism of action of drug","min":0,"max":"1","type":[{"code":"string"}]},{"id":"VirtualPharmaceuticalProdutGroup.drugType","path":"VirtualPharmaceuticalProdutGroup.drugType","short":"type of drug - small molecule, biologic, etc","definition":"type of drug - small molecule, biologic, etc","min":0,"max":"1","type":[{"code":"string"}]},{"id":"VirtualPharmaceuticalProdutGroup.sideEffects","path":"VirtualPharmaceuticalProdutGroup.sideEffects","short":"side effects known","definition":"side effects known","min":0,"max":"*","type":[{"code":"CodeableConcept"}]},{"id":"VirtualPharmaceuticalProdutGroup.interactions","path":"VirtualPharmaceuticalProdutGroup.interactions","short":"known interactions","definition":"known interactions","min":0,"max":"*","type":[{"code":"BackboneElement"}]},{"id":"VirtualPharmaceuticalProdutGroup.interactions.type","path":"VirtualPharmaceuticalProdutGroup.interactions.type","short":"type of interaction","definition":"type of interaction","min":1,"max":"1","type":[{"code":"string"}]},{"id":"VirtualPharmaceuticalProdutGroup.interactions.substance","path":"VirtualPharmaceuticalProdutGroup.interactions.substance","short":"product","definition":"product","min":1,"max":"1","type":[{"code":"Reference","targetProfile":["http://hl7.org/fhir/StructureDefinition/MedicationKnowledge"]}]},{"id":"VirtualPharmaceuticalProdutGroup.interactions.reaction","path":"VirtualPharmaceuticalProdutGroup.interactions.reaction","short":"what is the reaction","definition":"what is the reaction","min":0,"max":"1","type":[{"code":"string"}]},{"id":"VirtualPharmaceuticalProdutGroup.interactions.riskLevel","path":"VirtualPharmaceuticalProdutGroup.interactions.riskLevel","short":"level of risk","definition":"level of risk","min":0,"max":"1","type":[{"code":"string"}]},{"id":"VirtualPharmaceuticalProdutGroup.interactions.clinicalIssue","path":"VirtualPharmaceuticalProdutGroup.interactions.clinicalIssue","short":"reference for clinicalIssue","definition":"reference for clinicalIssue","min":0,"max":"*","type":[{"code":"Reference","targetProfile":["http://hl7.org/fhir/StructureDefinition/DetectedIssue"]}]},{"id":"VirtualPharmaceuticalProdutGroup.contraIndication","path":"VirtualPharmaceuticalProdutGroup.contraIndication","short":"contraindication","definition":"contraindication","min":0,"max":"*","type":[{"code":"CodeableConcept"}]},{"id":"VirtualPharmaceuticalProdutGroup.masterfile","path":"VirtualPharmaceuticalProdutGroup.masterfile","short":"masterfile from where the product comes from","definition":"masterfile from where the product comes from","min":0,"max":"*","type":[{"code":"Reference","targetProfile":["http://hl7.org/fhir/StructureDefinition/DocumentReference"]}]},{"id":"VirtualPharmaceuticalProdutGroup.classification","path":"VirtualPharmaceuticalProdutGroup.classification","short":"drug classification, atc, internal, etc","definition":"drug classification, atc, internal, etc","min":0,"max":"*","type":[{"code":"CodeableConcept"}]},{"id":"VirtualPharmaceuticalProdutGroup.drugCharacteristics","path":"VirtualPharmaceuticalProdutGroup.drugCharacteristics","short":"characteristics for drug, opioid, etc","definition":"characteristics for drug, opioid, etc","min":0,"max":"*","type":[{"code":"CodeableConcept"}]},{"id":"VirtualPharmaceuticalProdutGroup.administratitionRoute","path":"VirtualPharmaceuticalProdutGroup.administratitionRoute","short":"route for administrating","definition":"route for administrating","min":1,"max":"*","type":[{"code":"BackboneElement"}]},{"id":"VirtualPharmaceuticalProdutGroup.administratitionRoute.route","path":"VirtualPharmaceuticalProdutGroup.administratitionRoute.route","short":"route for administrating","definition":"route for administrating","min":1,"max":"1","type":[{"code":"CodeableConcept"}]},{"id":"VirtualPharmaceuticalProdutGroup.administratitionRoute.type","path":"VirtualPharmaceuticalProdutGroup.administratitionRoute.type","short":"type of route administration, offlabel, official","definition":"type of route administration, offlabel, official","min":1,"max":"1","type":[{"code":"string"}]},{"id":"VirtualPharmaceuticalProdutGroup.ingredient","path":"VirtualPharmaceuticalProdutGroup.ingredient","short":"substance present in the product","definition":"substance present in the product","min":0,"max":"*","type":[{"code":"BackboneElement"}]},{"id":"VirtualPharmaceuticalProdutGroup.ingredient.reference","path":"VirtualPharmaceuticalProdutGroup.ingredient.reference","short":"referencing other substances","definition":"referencing other substances","min":1,"max":"1","type":[{"code":"Reference","targetProfile":["http://hl7.org/fhir/StructureDefinition/MedicationKnowledge"]}]},{"id":"VirtualPharmaceuticalProdutGroup.ingredient.role","path":"VirtualPharmaceuticalProdutGroup.ingredient.role","short":"active principle, color, excipient","definition":"active principle, color, excipient","min":1,"max":"1","type":[{"code":"string"}]},{"id":"VirtualPharmaceuticalProdutGroup.ingredient.strength[x]","path":"VirtualPharmaceuticalProdutGroup.ingredient.strength[x]","short":"strength of the ingridient","definition":"strength of the ingridient","min":1,"max":"1","type":[{"code":"Ratio"},{"code":"CodeableConcept"},{"code":"Quantity"}]}]}}