{"resourceType":"ValueSet","id":"granularity-vs","text":{"status":"extensions","div":"<div xmlns=\"http://www.w3.org/1999/xhtml\"><ul><li>Include these codes as defined in <a href=\"CodeSystem-drug-cs.html\"><code>http://terminology.hl7.org/CodeSystem/medicineCS</code></a><table class=\"none\"><tr><td style=\"white-space:nowrap\"><b>Code</b></td><td><b>Display</b></td><td><b>Definition</b></td></tr><tr><td><a href=\"CodeSystem-drug-cs.html#drug-cs-SUBST\">SUBST</a></td><td>Substance</td><td>Substance</td></tr><tr><td><a href=\"CodeSystem-drug-cs.html#drug-cs-PHARMPROD\">PHARMPROD</a></td><td>Pharmaceutical Product</td><td/></tr><tr><td><a href=\"CodeSystem-drug-cs.html#drug-cs-MEDPROD\">MEDPROD</a></td><td>Medicinal Product</td><td/></tr><tr><td><a href=\"CodeSystem-drug-cs.html#drug-cs-PACKMEDPROD\">PACKMEDPROD</a></td><td>Packaged Medicinal Product</td><td/></tr></table></li></ul></div>"},"url":"http://hl7.org/fhir/us/example/ValueSet/granularity-vs","version":"0.1.0","name":"GranularityVS","title":"Granularity Value Set","status":"active","date":"2021-09-08T12:25:09+00:00","description":"Indicates the granularity of product","compose":{"include":[{"system":"http://terminology.hl7.org/CodeSystem/medicineCS","concept":[{"code":"SUBST","display":"Substance"},{"code":"PHARMPROD","display":"Pharmaceutical Product"},{"code":"MEDPROD","display":"Medicinal Product"},{"code":"PACKMEDPROD","display":"Packaged Medicinal Product"}]}]}}