{"resourceType":"ValueSet","id":"be-marketingauthorization-vs","text":{"status":"generated","div":"<div xmlns=\"http://www.w3.org/1999/xhtml\"><ul><li>Include all codes defined in <a href=\"CodeSystem-be-marketingauthorization-cs.html\"><code>http://hl7.org/fhir/us/example/CodeSystem/be-marketingauthorization-cs</code></a></li></ul></div>"},"url":"http://hl7.org/fhir/us/example/ValueSet/be-marketingauthorization-vs","version":"0.1.0","name":"BeMAVS","title":"Marketing Authorization Value Set","status":"active","date":"2022-01-27T17:34:32+00:00","description":"Indicates the Marketing Authorization for a product","compose":{"include":[{"system":"http://hl7.org/fhir/us/example/CodeSystem/be-marketingauthorization-cs"}]}}