[
  {
    "id": "beMedCS",
    "type": "CodeSystem",
    "url": "http://hl7.org/fhir/us/example/CodeSystem/beMedCS",
    "version": "0.1.0",
    "name": "beMedicineCodeSystem"
  },
  {
    "id": "ingredient-cs",
    "type": "CodeSystem",
    "url": "http://hl7.org/fhir/us/example/CodeSystem/ingredient-cs",
    "version": "0.1.0",
    "name": "beIngredinent-cs"
  },
  {
    "id": "medics",
    "type": "CodeSystem",
    "url": "http://hl7.org/fhir/us/example/CodeSystem/mediCS",
    "version": "0.1.0",
    "name": "MedicineCodeSystem"
  },
  {
    "id": "rolemed-cs",
    "type": "CodeSystem",
    "url": "http://hl7.org/fhir/us/example/CodeSystem/rolemed-cs",
    "version": "0.1.0",
    "name": "beRoleIngredinent-cs"
  },
  {
    "id": "medication.ig.example",
    "type": "ImplementationGuide",
    "url": "http://hl7.org/fhir/us/example/ImplementationGuide/medication.ig.example",
    "version": "0.1.0",
    "name": "medicationIG"
  },
  {
    "id": "questionnaire-cnpem",
    "type": "Questionnaire",
    "url": "http://hl7.org/fhir/us/example/Questionnaire/questionnaire-cnpem",
    "version": "0.1.0",
    "name": "questionnaire-cnpem"
  },
  {
    "id": "questionnaire-vmp",
    "type": "Questionnaire",
    "url": "http://hl7.org/fhir/us/example/Questionnaire/questionnaire-vmp",
    "version": "0.1.0",
    "name": "questionnaire-vmp"
  },
  {
    "id": "BeVmpGroup",
    "type": "StructureDefinition",
    "url": "http://hl7.org/fhir/us/example/StructureDefinition/BeVmpGroup",
    "version": "0.1.0",
    "name": "BeVmpGroup"
  },
  {
    "id": "MedicinalProduct",
    "type": "StructureDefinition",
    "url": "http://hl7.org/fhir/us/example/StructureDefinition/MedicinalProduct",
    "version": "0.1.0",
    "name": "MedicinalProduct"
  },
  {
    "id": "PackagedMedicinalProduct",
    "type": "StructureDefinition",
    "url": "http://hl7.org/fhir/us/example/StructureDefinition/PackagedMedicinalProduct",
    "version": "0.1.0",
    "name": "PackagedMedicinalProduct"
  },
  {
    "id": "PharmaceuticalProduct",
    "type": "StructureDefinition",
    "url": "http://hl7.org/fhir/us/example/StructureDefinition/PharmaceuticalProduct",
    "version": "0.1.0",
    "name": "PharmaceuticalProduct"
  },
  {
    "id": "PharmaceuticalProdut",
    "type": "StructureDefinition",
    "url": "http://hl7.org/fhir/us/example/StructureDefinition/PharmaceuticalProdut",
    "version": "0.1.0",
    "name": "PharmaceuticalProdut"
  },
  {
    "id": "Substance",
    "type": "StructureDefinition",
    "url": "http://hl7.org/fhir/us/example/StructureDefinition/Substance",
    "version": "0.1.0",
    "name": "Substance"
  },
  {
    "id": "SubstanceModel",
    "type": "StructureDefinition",
    "url": "http://hl7.org/fhir/us/example/StructureDefinition/SubstanceModel",
    "version": "0.1.0",
    "name": "SubstanceModel"
  },
  {
    "id": "VMP",
    "type": "StructureDefinition",
    "url": "http://hl7.org/fhir/us/example/StructureDefinition/VMP",
    "version": "0.1.0",
    "name": "VMP"
  },
  {
    "id": "VirtualPackagePharmaceuticalProduct",
    "type": "StructureDefinition",
    "url": "http://hl7.org/fhir/us/example/StructureDefinition/VirtualPackagePharmaceuticalProduct",
    "version": "0.1.0",
    "name": "VirtualPackagePharmaceuticalProduct"
  },
  {
    "id": "VirtualPackagedPharmaceuticalProduct",
    "type": "StructureDefinition",
    "url": "http://hl7.org/fhir/us/example/StructureDefinition/VirtualPackagedPharmaceuticalProduct",
    "version": "0.1.0",
    "name": "VirtualPackagedPharmaceuticalProduct"
  },
  {
    "id": "VirtualPharmaceuticalProdut",
    "type": "StructureDefinition",
    "url": "http://hl7.org/fhir/us/example/StructureDefinition/VirtualPharmaceuticalProdut",
    "version": "0.1.0",
    "name": "VirtualPharmaceuticalProdut"
  },
  {
    "id": "VirtualPharmaceuticalProdutGroup",
    "type": "StructureDefinition",
    "url": "http://hl7.org/fhir/us/example/StructureDefinition/VirtualPharmaceuticalProdutGroup",
    "version": "0.1.0",
    "name": "VirtualPharmaceuticalProdutGroup"
  },
  {
    "id": "be-granularity-vs",
    "type": "ValueSet",
    "url": "http://hl7.org/fhir/us/example/ValueSet/be-granularity-vs",
    "version": "0.1.0",
    "name": "beGranularityVS"
  },
  {
    "id": "granularity-vs",
    "type": "ValueSet",
    "url": "http://hl7.org/fhir/us/example/ValueSet/granularity-vs",
    "version": "0.1.0",
    "name": "GranularityVS"
  },
  {
    "id": "medication-vs",
    "type": "ValueSet",
    "url": "http://hl7.org/fhir/us/example/ValueSet/medication-vs",
    "version": "0.1.0",
    "name": "beMedicationVS"
  },
  {
    "id": "role-medication-vs",
    "type": "ValueSet",
    "url": "http://hl7.org/fhir/us/example/ValueSet/role-medication-vs",
    "version": "0.1.0",
    "name": "beRoleMedicationVS"
  },
  {
    "id": "type-med-class-cs",
    "type": "CodeSystem",
    "url": "http://terminology.hl7.org/CodeSystem/medicineClassification",
    "version": "0.1.0",
    "name": "MedicineClassificationCS"
  },
  {
    "id": "drug-char-cs",
    "type": "CodeSystem",
    "url": "http://terminology.hl7.org/CodeSystem/productType",
    "version": "0.1.0",
    "name": "DrugCharacteristicCS"
  },
  {
    "id": "rel-med-cs",
    "type": "CodeSystem",
    "url": "http://terminology.hl7.org/CodeSystem/relMedCS",
    "version": "0.1.0",
    "name": "RelatedMedicationKnowledgeCS"
  }
]