<?xml version="1.0" encoding="UTF-8"?>

<CodeSystem xmlns="http://hl7.org/fhir">
  <id value="be-marketingauthorization-holder-cs"/>
  <text>
    <status value="generated"/><div xmlns="http://www.w3.org/1999/xhtml"><p>This code system http://hl7.org/fhir/us/example/CodeSystem/be-marketingauthorization-holder-cs defines the following codes:</p><table class="codes"><tr><td style="white-space:nowrap"><b>Code</b></td><td><b>Display</b></td></tr><tr><td style="white-space:nowrap">000001<a name="be-marketingauthorization-holder-cs-000001"> </a></td><td>AstraZeneca</td></tr></table></div>
  </text>
  <url value="http://hl7.org/fhir/us/example/CodeSystem/be-marketingauthorization-holder-cs"/>
  <version value="0.1.0"/>
  <name value="BeMAHolderCS"/>
  <title value="Marketing Authorization Holder Code System"/>
  <status value="active"/>
  <date value="2022-01-27T17:42:33+00:00"/>
  <description value="Codes for Marketing Authorization Holder"/>
  <content value="complete"/>
  <count value="1"/>
  <concept>
    <code value="000001"/>
    <display value="AstraZeneca"/>
  </concept>
</CodeSystem>