{
  "resourceType" : "Bundle",
  "id" : "2d07afcf-6c7b-4a50-9d52-8b3bdb6e368e",
  "meta" : {
    "lastUpdated" : "2022-01-25T17:18:16.814+00:00"
  },
  "type" : "collection",
  "entry" : [{
    "fullUrl" : "http://hl7.org/fhir/us/example/ValueSet/be-granularity-vs",
    "resource" : {
      "resourceType" : "ValueSet",
      "id" : "be-granularity-vs",
      "text" : {
        "status" : "generated",
        "div" : "<div xmlns=\"http://www.w3.org/1999/xhtml\"><p>This value set contains 5 concepts</p><div style=\"border: black 1px dotted; background-color: #EEEEEE; padding: 8px; margin-bottom: 8px\"><p>Expansion based on: </p><ul><li><a href=\"CodeSystem-medics.html\">Drug Code System v0.1.0 (CodeSystem)</a></li><li><a href=\"CodeSystem-beMedCS.html\">Drug Code System v0.1.0 (CodeSystem)</a></li></ul></div><table class=\"codes\"><tr><td style=\"white-space:nowrap\"><b>Code</b></td><td><b>System</b></td><td><b>Display</b></td><td><b>Definition</b></td></tr><tr><td style=\"white-space:nowrap\"><a name=\"http---hl7.org-fhir-us-example-CodeSystem-mediCS-SUBST\"> </a><a href=\"CodeSystem-medics.html#medics-SUBST\">SUBST</a></td><td>http://hl7.org/fhir/us/example/CodeSystem/mediCS</td><td>Substance</td><td>Substance</td></tr><tr><td style=\"white-space:nowrap\"><a name=\"http---hl7.org-fhir-us-example-CodeSystem-mediCS-PHARMPROD\"> </a><a href=\"CodeSystem-medics.html#medics-PHARMPROD\">PHARMPROD</a></td><td>http://hl7.org/fhir/us/example/CodeSystem/mediCS</td><td>Pharmaceutical Product</td><td/></tr><tr><td style=\"white-space:nowrap\"><a name=\"http---hl7.org-fhir-us-example-CodeSystem-mediCS-MEDPROD\"> </a><a href=\"CodeSystem-medics.html#medics-MEDPROD\">MEDPROD</a></td><td>http://hl7.org/fhir/us/example/CodeSystem/mediCS</td><td>Medicinal Product</td><td/></tr><tr><td style=\"white-space:nowrap\"><a name=\"http---hl7.org-fhir-us-example-CodeSystem-mediCS-PACKMEDPROD\"> </a><a href=\"CodeSystem-medics.html#medics-PACKMEDPROD\">PACKMEDPROD</a></td><td>http://hl7.org/fhir/us/example/CodeSystem/mediCS</td><td>Packaged Medicinal Product</td><td/></tr><tr><td style=\"white-space:nowrap\"><a name=\"http---hl7.org-fhir-us-example-CodeSystem-beMedCS-VMPG\"> </a><a href=\"CodeSystem-beMedCS.html#beMedCS-VMPG\">VMPG</a></td><td>http://hl7.org/fhir/us/example/CodeSystem/beMedCS</td><td>VMP Group</td><td/></tr></table></div>"
      },
      "url" : "http://hl7.org/fhir/us/example/ValueSet/be-granularity-vs",
      "version" : "0.1.0",
      "name" : "BEGranularityVS",
      "title" : "Be Granularity Value Set",
      "status" : "active",
      "date" : "2022-01-25T17:18:16+00:00",
      "description" : "Indicates the granularity of product",
      "expansion" : {
        "identifier" : "urn:uuid:7176297a-ff74-4d44-98dd-ac40b59662b8",
        "timestamp" : "2022-01-25T17:18:47+00:00",
        "total" : 5,
        "parameter" : [{
          "name" : "excludeNested",
          "valueBoolean" : false
        },
        {
          "name" : "version",
          "valueUri" : "http://hl7.org/fhir/us/example/CodeSystem/mediCS|0.1.0"
        },
        {
          "name" : "version",
          "valueUri" : "http://hl7.org/fhir/us/example/CodeSystem/beMedCS|0.1.0"
        }],
        "contains" : [{
          "system" : "http://hl7.org/fhir/us/example/CodeSystem/mediCS",
          "code" : "SUBST",
          "display" : "Substance"
        },
        {
          "system" : "http://hl7.org/fhir/us/example/CodeSystem/mediCS",
          "code" : "PHARMPROD",
          "display" : "Pharmaceutical Product"
        },
        {
          "system" : "http://hl7.org/fhir/us/example/CodeSystem/mediCS",
          "code" : "MEDPROD",
          "display" : "Medicinal Product"
        },
        {
          "system" : "http://hl7.org/fhir/us/example/CodeSystem/mediCS",
          "code" : "PACKMEDPROD",
          "display" : "Packaged Medicinal Product"
        },
        {
          "system" : "http://hl7.org/fhir/us/example/CodeSystem/beMedCS",
          "code" : "VMPG",
          "display" : "VMP Group"
        }]
      }
    }
  },
  {
    "fullUrl" : "http://hl7.org/fhir/us/example/ValueSet/granularity-vs",
    "resource" : {
      "resourceType" : "ValueSet",
      "id" : "granularity-vs",
      "text" : {
        "status" : "generated",
        "div" : "<div xmlns=\"http://www.w3.org/1999/xhtml\"><p>This value set contains 4 concepts</p><p style=\"border: black 1px dotted; background-color: #EEEEEE; padding: 8px; margin-bottom: 8px\">Expansion based on <a href=\"CodeSystem-medics.html\">Drug Code System v0.1.0 (CodeSystem)</a></p><p>All codes in this table are from the system <a href=\"CodeSystem-medics.html\"><code>http://hl7.org/fhir/us/example/CodeSystem/mediCS</code></a></p><table class=\"codes\"><tr><td style=\"white-space:nowrap\"><b>Code</b></td><td><b>Display</b></td><td><b>Definition</b></td></tr><tr><td style=\"white-space:nowrap\"><a name=\"http---hl7.org-fhir-us-example-CodeSystem-mediCS-SUBST\"> </a><a href=\"CodeSystem-medics.html#medics-SUBST\">SUBST</a></td><td>Substance</td><td>Substance</td></tr><tr><td style=\"white-space:nowrap\"><a name=\"http---hl7.org-fhir-us-example-CodeSystem-mediCS-PHARMPROD\"> </a><a href=\"CodeSystem-medics.html#medics-PHARMPROD\">PHARMPROD</a></td><td>Pharmaceutical Product</td><td/></tr><tr><td style=\"white-space:nowrap\"><a name=\"http---hl7.org-fhir-us-example-CodeSystem-mediCS-MEDPROD\"> </a><a href=\"CodeSystem-medics.html#medics-MEDPROD\">MEDPROD</a></td><td>Medicinal Product</td><td/></tr><tr><td style=\"white-space:nowrap\"><a name=\"http---hl7.org-fhir-us-example-CodeSystem-mediCS-PACKMEDPROD\"> </a><a href=\"CodeSystem-medics.html#medics-PACKMEDPROD\">PACKMEDPROD</a></td><td>Packaged Medicinal Product</td><td/></tr></table></div>"
      },
      "url" : "http://hl7.org/fhir/us/example/ValueSet/granularity-vs",
      "version" : "0.1.0",
      "name" : "GranularityVS",
      "title" : "Granularity Value Set",
      "status" : "active",
      "date" : "2022-01-25T17:18:16+00:00",
      "description" : "Indicates the granularity of product",
      "expansion" : {
        "identifier" : "urn:uuid:5290649c-352f-455e-afda-1769e25869ff",
        "timestamp" : "2022-01-25T17:18:47+00:00",
        "total" : 4,
        "parameter" : [{
          "name" : "excludeNested",
          "valueBoolean" : false
        },
        {
          "name" : "version",
          "valueUri" : "http://hl7.org/fhir/us/example/CodeSystem/mediCS|0.1.0"
        }],
        "contains" : [{
          "system" : "http://hl7.org/fhir/us/example/CodeSystem/mediCS",
          "code" : "SUBST",
          "display" : "Substance"
        },
        {
          "system" : "http://hl7.org/fhir/us/example/CodeSystem/mediCS",
          "code" : "PHARMPROD",
          "display" : "Pharmaceutical Product"
        },
        {
          "system" : "http://hl7.org/fhir/us/example/CodeSystem/mediCS",
          "code" : "MEDPROD",
          "display" : "Medicinal Product"
        },
        {
          "system" : "http://hl7.org/fhir/us/example/CodeSystem/mediCS",
          "code" : "PACKMEDPROD",
          "display" : "Packaged Medicinal Product"
        }]
      }
    }
  }]
}