<?xml version="1.0" encoding="UTF-8"?>

<Bundle xmlns="http://hl7.org/fhir">
  <id value="8bc0d27e-ba0b-49ea-9fa8-1cafd6fd3cfc"/>
  <meta>
    <lastUpdated value="2022-01-04T09:53:47.496+00:00"/>
  </meta>
  <type value="collection"/>
  <entry>
    <fullUrl value="http://hl7.org/fhir/us/example/ValueSet/be-granularity-vs"/>
    <resource>
      <ValueSet>
        <id value="be-granularity-vs"/>
        <text>
          <status value="generated"/>
          <div xmlns="http://www.w3.org/1999/xhtml">
            <p>This value set contains 5 concepts</p>
            <div style="border: black 1px dotted; background-color: #EEEEEE; padding: 8px; margin-bottom: 8px">
              <p>Expansion based on: </p>
              <ul>
                <li>
                  <a href="CodeSystem-medics.html">Drug Code System v0.1.0 (CodeSystem)</a>
                </li>
                <li>
                  <a href="CodeSystem-beMedCS.html">Drug Code System v0.1.0 (CodeSystem)</a>
                </li>
              </ul>
            </div>
            <table class="codes">
              <tr>
                <td style="white-space:nowrap">
                  <b>Code</b>
                </td>
                <td>
                  <b>System</b>
                </td>
                <td>
                  <b>Display</b>
                </td>
                <td>
                  <b>Definition</b>
                </td>
              </tr>
              <tr>
                <td style="white-space:nowrap">
                  <a name="http---hl7.org-fhir-us-example-CodeSystem-mediCS-SUBST"> </a>
                  <a href="CodeSystem-medics.html#medics-SUBST">SUBST</a>
                </td>
                <td>http://hl7.org/fhir/us/example/CodeSystem/mediCS</td>
                <td>Substance</td>
                <td>Substance</td>
              </tr>
              <tr>
                <td style="white-space:nowrap">
                  <a name="http---hl7.org-fhir-us-example-CodeSystem-mediCS-PHARMPROD"> </a>
                  <a href="CodeSystem-medics.html#medics-PHARMPROD">PHARMPROD</a>
                </td>
                <td>http://hl7.org/fhir/us/example/CodeSystem/mediCS</td>
                <td>Pharmaceutical Product</td>
                <td/>
              </tr>
              <tr>
                <td style="white-space:nowrap">
                  <a name="http---hl7.org-fhir-us-example-CodeSystem-mediCS-MEDPROD"> </a>
                  <a href="CodeSystem-medics.html#medics-MEDPROD">MEDPROD</a>
                </td>
                <td>http://hl7.org/fhir/us/example/CodeSystem/mediCS</td>
                <td>Medicinal Product</td>
                <td/>
              </tr>
              <tr>
                <td style="white-space:nowrap">
                  <a name="http---hl7.org-fhir-us-example-CodeSystem-mediCS-PACKMEDPROD"> </a>
                  <a href="CodeSystem-medics.html#medics-PACKMEDPROD">PACKMEDPROD</a>
                </td>
                <td>http://hl7.org/fhir/us/example/CodeSystem/mediCS</td>
                <td>Packaged Medicinal Product</td>
                <td/>
              </tr>
              <tr>
                <td style="white-space:nowrap">
                  <a name="http---hl7.org-fhir-us-example-CodeSystem-beMedCS-VMPG"> </a>
                  <a href="CodeSystem-beMedCS.html#beMedCS-VMPG">VMPG</a>
                </td>
                <td>http://hl7.org/fhir/us/example/CodeSystem/beMedCS</td>
                <td>VMP Group</td>
                <td/>
              </tr>
            </table>
          </div>
        </text>
        <url value="http://hl7.org/fhir/us/example/ValueSet/be-granularity-vs"/>
        <version value="0.1.0"/>
        <name value="BEGranularityVS"/>
        <title value="Be Granularity Value Set"/>
        <status value="active"/>
        <date value="2022-01-04T09:53:47+00:00"/>
        <description value="Indicates the granularity of product"/>
        <expansion>
          <identifier value="urn:uuid:0e1c423e-4f11-49b6-873a-df913d9f7a0e"/>
          <timestamp value="2022-01-04T09:54:18+00:00"/>
          <total value="5"/>
          <parameter>
            <name value="excludeNested"/>
            <valueBoolean value="false"/>
          </parameter>
          <parameter>
            <name value="version"/>
            <valueUri value="http://hl7.org/fhir/us/example/CodeSystem/mediCS|0.1.0"/>
          </parameter>
          <parameter>
            <name value="version"/>
            <valueUri value="http://hl7.org/fhir/us/example/CodeSystem/beMedCS|0.1.0"/>
          </parameter>
          <contains>
            <system value="http://hl7.org/fhir/us/example/CodeSystem/mediCS"/>
            <code value="SUBST"/>
            <display value="Substance"/>
          </contains>
          <contains>
            <system value="http://hl7.org/fhir/us/example/CodeSystem/mediCS"/>
            <code value="PHARMPROD"/>
            <display value="Pharmaceutical Product"/>
          </contains>
          <contains>
            <system value="http://hl7.org/fhir/us/example/CodeSystem/mediCS"/>
            <code value="MEDPROD"/>
            <display value="Medicinal Product"/>
          </contains>
          <contains>
            <system value="http://hl7.org/fhir/us/example/CodeSystem/mediCS"/>
            <code value="PACKMEDPROD"/>
            <display value="Packaged Medicinal Product"/>
          </contains>
          <contains>
            <system value="http://hl7.org/fhir/us/example/CodeSystem/beMedCS"/>
            <code value="VMPG"/>
            <display value="VMP Group"/>
          </contains>
        </expansion>
      </ValueSet>
    </resource>
  </entry>
  <entry>
    <fullUrl value="http://hl7.org/fhir/us/example/ValueSet/granularity-vs"/>
    <resource>
      <ValueSet>
        <id value="granularity-vs"/>
        <text>
          <status value="generated"/>
          <div xmlns="http://www.w3.org/1999/xhtml">
            <p>This value set contains 4 concepts</p>
            <p style="border: black 1px dotted; background-color: #EEEEEE; padding: 8px; margin-bottom: 8px">Expansion based on 
              <a href="CodeSystem-medics.html">Drug Code System v0.1.0 (CodeSystem)</a>
            </p>
            <p>All codes in this table are from the system 
              <a href="CodeSystem-medics.html">
                <code>http://hl7.org/fhir/us/example/CodeSystem/mediCS</code>
              </a>
            </p>
            <table class="codes">
              <tr>
                <td style="white-space:nowrap">
                  <b>Code</b>
                </td>
                <td>
                  <b>Display</b>
                </td>
                <td>
                  <b>Definition</b>
                </td>
              </tr>
              <tr>
                <td style="white-space:nowrap">
                  <a name="http---hl7.org-fhir-us-example-CodeSystem-mediCS-SUBST"> </a>
                  <a href="CodeSystem-medics.html#medics-SUBST">SUBST</a>
                </td>
                <td>Substance</td>
                <td>Substance</td>
              </tr>
              <tr>
                <td style="white-space:nowrap">
                  <a name="http---hl7.org-fhir-us-example-CodeSystem-mediCS-PHARMPROD"> </a>
                  <a href="CodeSystem-medics.html#medics-PHARMPROD">PHARMPROD</a>
                </td>
                <td>Pharmaceutical Product</td>
                <td/>
              </tr>
              <tr>
                <td style="white-space:nowrap">
                  <a name="http---hl7.org-fhir-us-example-CodeSystem-mediCS-MEDPROD"> </a>
                  <a href="CodeSystem-medics.html#medics-MEDPROD">MEDPROD</a>
                </td>
                <td>Medicinal Product</td>
                <td/>
              </tr>
              <tr>
                <td style="white-space:nowrap">
                  <a name="http---hl7.org-fhir-us-example-CodeSystem-mediCS-PACKMEDPROD"> </a>
                  <a href="CodeSystem-medics.html#medics-PACKMEDPROD">PACKMEDPROD</a>
                </td>
                <td>Packaged Medicinal Product</td>
                <td/>
              </tr>
            </table>
          </div>
        </text>
        <url value="http://hl7.org/fhir/us/example/ValueSet/granularity-vs"/>
        <version value="0.1.0"/>
        <name value="GranularityVS"/>
        <title value="Granularity Value Set"/>
        <status value="active"/>
        <date value="2022-01-04T09:53:47+00:00"/>
        <description value="Indicates the granularity of product"/>
        <expansion>
          <identifier value="urn:uuid:d02324c8-b2e1-4c99-9d16-ca6333e4977f"/>
          <timestamp value="2022-01-04T09:54:18+00:00"/>
          <total value="4"/>
          <parameter>
            <name value="excludeNested"/>
            <valueBoolean value="false"/>
          </parameter>
          <parameter>
            <name value="version"/>
            <valueUri value="http://hl7.org/fhir/us/example/CodeSystem/mediCS|0.1.0"/>
          </parameter>
          <contains>
            <system value="http://hl7.org/fhir/us/example/CodeSystem/mediCS"/>
            <code value="SUBST"/>
            <display value="Substance"/>
          </contains>
          <contains>
            <system value="http://hl7.org/fhir/us/example/CodeSystem/mediCS"/>
            <code value="PHARMPROD"/>
            <display value="Pharmaceutical Product"/>
          </contains>
          <contains>
            <system value="http://hl7.org/fhir/us/example/CodeSystem/mediCS"/>
            <code value="MEDPROD"/>
            <display value="Medicinal Product"/>
          </contains>
          <contains>
            <system value="http://hl7.org/fhir/us/example/CodeSystem/mediCS"/>
            <code value="PACKMEDPROD"/>
            <display value="Packaged Medicinal Product"/>
          </contains>
        </expansion>
      </ValueSet>
    </resource>
  </entry>
</Bundle>