{
  "resourceType": "MedicationKnowledge",
  "id": "example-0-of-drug-med",
  "meta": {
    "profile": [
      "http://hl7.org/fhir/us/example/StructureDefinition/Substance"
    ]
  },
  "text": {
    "status": "generated",
    "div": "<div xmlns=\"http://www.w3.org/1999/xhtml\"><p><b>Generated Narrative</b></p><p><b>identifier</b>: id: 95</p><p><b>code</b>: <span title=\"Codes: {https://go.drugbank.com/drugs/ DB00316}\">Acetaminophen</span></p><p><b>status</b>: active</p><p><b>synonym</b>: Acetaminophen, paracetamol, 4-(Acetylamino)phenol</p><p><b>productType</b>: <span title=\"Codes: {http://terminology.hl7.org/CodeSystem/medicineCS SUBST}\">substance</span></p><blockquote><p><b>drugCharacteristic</b></p><p><b>value</b>: human</p></blockquote><blockquote><p><b>drugCharacteristic</b></p><p><b>value</b>: small molecule</p></blockquote></div>"
  },
  "identifier": [
    {
      "system": "http://infarmed.pt",
      "value": "95"
    }
  ],
  "code": {
    "coding": [
      {
        "system": "https://go.drugbank.com/drugs/",
        "code": "DB00316",
        "display": "Acetaminophen"
      }
    ]
  },
  "status": "active",
  "synonym": [
    "Acetaminophen",
    "paracetamol",
    "4-(Acetylamino)phenol"
  ],
  "productType": [
    {
      "coding": [
        {
          "system": "http://terminology.hl7.org/CodeSystem/medicineCS",
          "code": "SUBST"
        }
      ]
    }
  ],
  "drugCharacteristic": [
    {
      "valueString": "human"
    },
    {
      "valueString": "small molecule"
    }
  ]
}