{
  "resourceType": "MedicationKnowledge",
  "id": "vmp-1",
  "meta": {
    "profile": [
      "http://hl7.org/fhir/us/example/StructureDefinition/VMP"
    ]
  },
  "text": {
    "status": "generated",
    "div": "<div xmlns=\"http://www.w3.org/1999/xhtml\"><p><b>Generated Narrative</b></p><div style=\"display: inline-block; background-color: #d9e0e7; padding: 6px; margin: 4px; border: 1px solid #8da1b4; border-radius: 5px; line-height: 60%\"><p style=\"margin-bottom: 0px\">Resource \"vmp-1\" </p><p style=\"margin-bottom: 0px\">Profile: <a href=\"StructureDefinition-VMP.html\">VMP</a></p></div><p><b>code</b>: amlodipine 10 mg tablet (or.) <span style=\"background: LightGoldenRodYellow; margin: 4px; border: 1px solid khaki\"> (#x)</span></p><p><b>status</b>: active</p><p><b>doseForm</b>: Oral Tablet <span style=\"background: LightGoldenRodYellow; margin: 4px; border: 1px solid khaki\"> (<a href=\"https://browser.ihtsdotools.org/\">SNOMED CT</a>#421026006)</span></p><p><b>amount</b>: 10 mg</p><p><b>synonym</b>: amlodipine 10 mg tablet (or.)</p><blockquote><p><b>relatedMedicationKnowledge</b></p><p><b>type</b>: Is a Virtual Package Form of <span style=\"background: LightGoldenRodYellow; margin: 4px; border: 1px solid khaki\"> (<a href=\"CodeSystem-rel-med-cs.html\">RelatedMedicationKnowledgeCS</a>#VPHARMOF)</span></p><p><b>reference</b>: <a href=\"MedicationKnowledge-be-substance.html\">MedicationKnowledge/be-substance</a></p></blockquote><blockquote><p><b>relatedMedicationKnowledge</b></p><p><b>type</b>: Is a from a virtual pharmaceutical product group <span style=\"background: LightGoldenRodYellow; margin: 4px; border: 1px solid khaki\"> (<a href=\"CodeSystem-rel-med-cs.html\">RelatedMedicationKnowledgeCS</a>#HASG)</span></p><p><b>reference</b>: <a href=\"MedicationKnowledge-be-vmpgroup.html\">MedicationKnowledge/be-vmpgroup</a></p></blockquote><p><b>productType</b>: pharmaceutical product <span style=\"background: LightGoldenRodYellow; margin: 4px; border: 1px solid khaki\"> (<a href=\"CodeSystem-medics.html\">Drug Code System</a>#PHARMPROD)</span>, Virtual Medicinal Product <span style=\"background: LightGoldenRodYellow; margin: 4px; border: 1px solid khaki\"> (<a href=\"CodeSystem-beMedCS.html\">Drug Code System</a>#VMP)</span></p><p><b>intendedRoute</b>: Oral Route <span style=\"background: LightGoldenRodYellow; margin: 4px; border: 1px solid khaki\"> (<a href=\"https://browser.ihtsdotools.org/\">SNOMED CT</a>#26643006)</span></p></div>"
  },
  "code": {
    "coding": [
      {
        "system": "https://be.codes.product/vmp/",
        "code": "x",
        "display": "amlodipine 10 mg tablet (or.)"
      }
    ]
  },
  "status": "active",
  "doseForm": {
    "coding": [
      {
        "system": "http://snomed.info/sct",
        "code": "421026006",
        "display": "Oral Tablet"
      }
    ]
  },
  "amount": {
    "value": 10,
    "unit": "mg"
  },
  "synonym": [
    "amlodipine 10 mg tablet (or.)"
  ],
  "relatedMedicationKnowledge": [
    {
      "type": {
        "coding": [
          {
            "system": "http://terminology.hl7.org/CodeSystem/relMedCS",
            "code": "VPHARMOF"
          }
        ]
      },
      "reference": [
        {
          "reference": "MedicationKnowledge/be-substance"
        }
      ]
    },
    {
      "type": {
        "coding": [
          {
            "system": "http://terminology.hl7.org/CodeSystem/relMedCS",
            "code": "HASG"
          }
        ]
      },
      "reference": [
        {
          "reference": "MedicationKnowledge/be-vmpgroup"
        }
      ]
    }
  ],
  "productType": [
    {
      "coding": [
        {
          "system": "http://hl7.org/fhir/us/example/CodeSystem/mediCS",
          "code": "PHARMPROD"
        }
      ]
    },
    {
      "coding": [
        {
          "system": "http://hl7.org/fhir/us/example/CodeSystem/beMedCS",
          "code": "VMP"
        }
      ]
    }
  ],
  "intendedRoute": [
    {
      "coding": [
        {
          "system": "http://snomed.info/sct",
          "code": "26643006",
          "display": "Oral Route"
        }
      ]
    }
  ]
}