{
  "package": "medication.ig.example",
  "version": "0.1.0",
  "fhirVersion": "4.0.1",
  "extensions": [],
  "profiles": {
    "MedicationKnowledge": [
      {
        "url": "http://hl7.org/fhir/us/example/StructureDefinition/MedicinalProduct",
        "title": "MedicinalProduct"
      },
      {
        "url": "http://hl7.org/fhir/us/example/StructureDefinition/PackagedMedicinalProduct",
        "title": "PackagedMedicinalProduct"
      },
      {
        "url": "http://hl7.org/fhir/us/example/StructureDefinition/PharmaceuticalProduct",
        "title": "PharmaceuticalProduct"
      },
      {
        "url": "http://hl7.org/fhir/us/example/StructureDefinition/Substance",
        "title": "Substance"
      }
    ]
  },
  "usage": {
    "http://hl7.org/fhir/StructureDefinition/allergyintolerance-duration": [
      "PharmaceuticalProdut.kinetics.halfLifePeriod"
    ],
    "http://hl7.org/fhir/StructureDefinition/elementdefinition-bestpractice": [
      "StructureDefinition.snapshot.element.constraint"
    ],
    "http://hl7.org/fhir/StructureDefinition/elementdefinition-bestpractice-explanation": [
      "StructureDefinition.snapshot.element.constraint"
    ],
    "http://hl7.org/fhir/StructureDefinition/elementdefinition-bindingName": [
      "StructureDefinition.snapshot.element.binding"
    ],
    "http://hl7.org/fhir/StructureDefinition/elementdefinition-isCommonBinding": [
      "StructureDefinition.snapshot.element.binding"
    ],
    "http://hl7.org/fhir/StructureDefinition/elementdefinition-maxValueSet": [
      "StructureDefinition.snapshot.element.binding"
    ],
    "http://hl7.org/fhir/StructureDefinition/structuredefinition-category": [
      "StructureDefinition"
    ],
    "http://hl7.org/fhir/StructureDefinition/structuredefinition-fhir-type": [
      "StructureDefinition.snapshot.element.type"
    ],
    "http://hl7.org/fhir/StructureDefinition/structuredefinition-security-category": [
      "StructureDefinition"
    ],
    "http://hl7.org/fhir/tools/StructureDefinition/ig-parameter": [
      "ImplementationGuide.definition"
    ],
    "http://hl7.org/fhir/tools/StructureDefinition/resource-information": [
      "ImplementationGuide.definition.resource"
    ]
  }
}