<?xml version="1.0" encoding="UTF-8"?>

<ValueSet xmlns="http://hl7.org/fhir">
  <id value="be-role-medication-vs"/>
  <text>
    <status value="generated"/><div xmlns="http://www.w3.org/1999/xhtml"><ul><li>Include all codes defined in <a href="CodeSystem-be-rolemed-cs.html"><code>http://hl7.org/fhir/us/example/CodeSystem/be-rolemed-cs</code></a></li></ul></div>
  </text>
  <url value="http://hl7.org/fhir/us/example/ValueSet/be-role-medication-vs"/>
  <version value="0.1.0"/>
  <name value="beRoleMedicationVS"/>
  <title value="Ingredient role Value Set"/>
  <status value="active"/>
  <date value="2022-01-27T14:37:11+00:00"/>
  <description value="Indicates the role that an ingredient takes into a product"/>
  <compose>
    <include>
      <system value="http://hl7.org/fhir/us/example/CodeSystem/be-rolemed-cs"/>
    </include>
  </compose>
</ValueSet>