{"resourceType":"CodeSystem","id":"be-rolemed-cs","text":{"status":"generated","div":"<div xmlns=\"http://www.w3.org/1999/xhtml\"><p>This code system http://hl7.org/fhir/us/example/CodeSystem/be-rolemed-cs defines the following codes:</p><table class=\"codes\"><tr><td style=\"white-space:nowrap\"><b>Code</b></td><td><b>Display</b></td></tr><tr><td style=\"white-space:nowrap\">AP<a name=\"be-rolemed-cs-AP\"> </a></td><td>Active Principle</td></tr><tr><td style=\"white-space:nowrap\">NAP<a name=\"be-rolemed-cs-NAP\"> </a></td><td>Non-Active</td></tr><tr><td style=\"white-space:nowrap\">EXP<a name=\"be-rolemed-cs-EXP\"> </a></td><td>Excipient</td></tr></table></div>"},"url":"http://hl7.org/fhir/us/example/CodeSystem/be-rolemed-cs","version":"0.1.0","name":"beRoleIngredinentCS","title":"Role Code System","status":"active","date":"2022-01-27T14:37:11+00:00","description":"Codes for role in ingredient level ","content":"complete","count":3,"concept":[{"code":"AP","display":"Active Principle"},{"code":"NAP","display":"Non-Active"},{"code":"EXP","display":"Excipient"}]}