{"resourceType":"CodeSystem","id":"rel-med-cs","text":{"status":"generated","div":"<div xmlns=\"http://www.w3.org/1999/xhtml\"><p>This code system http://terminology.hl7.org/CodeSystem/relMedCS defines the following codes:</p><table class=\"codes\"><tr><td style=\"white-space:nowrap\"><b>Code</b></td><td><b>Display</b></td></tr><tr><td style=\"white-space:nowrap\">BD<a name=\"rel-med-cs-BD\"> </a></td><td>Based On</td></tr><tr><td style=\"white-space:nowrap\">IT<a name=\"rel-med-cs-IT\"> </a></td><td>Interaction</td></tr></table></div>"},"url":"http://terminology.hl7.org/CodeSystem/relMedCS","version":"0.1.0","name":"RelatedMedicationKnowledgeCS","status":"active","date":"2021-08-03T18:13:53+00:00","content":"complete","count":2,"concept":[{"code":"BD","display":"Based On"},{"code":"IT","display":"Interaction"}]}