{"resourceType":"ValueSet","id":"role-medication-vs","text":{"status":"generated","div":"<div xmlns=\"http://www.w3.org/1999/xhtml\"><ul><li>Include all codes defined in <code>http://hl7.org/fhir/example/CodeSystem/roleCS</code></li></ul></div>"},"url":"http://hl7.org/fhir/us/example/ValueSet/role-medication-vs","version":"0.1.0","name":"RoleMedicationVS","title":"Ingredient role Value Set","status":"active","date":"2022-01-26T15:09:20+00:00","description":"Indicates the role that an ingredient takes into a product","compose":{"include":[{"system":"http://hl7.org/fhir/example/CodeSystem/roleCS"}]}}