{
  "resourceType": "CodeSystem",
  "id": "rel-med-cs",
  "text": {
    "status": "generated",
    "div": "<div xmlns=\"http://www.w3.org/1999/xhtml\"><p>This code system http://terminology.hl7.org/CodeSystem/relMedCS defines the following codes:</p><table class=\"codes\"><tr><td style=\"white-space:nowrap\"><b>Code</b></td><td><b>Display</b></td><td><b>Definition</b></td></tr><tr><td style=\"white-space:nowrap\">SUBOF<a name=\"rel-med-cs-SUBOF\"> </a></td><td>Substance from</td><td>Substance from</td></tr><tr><td style=\"white-space:nowrap\">MEDOF<a name=\"rel-med-cs-MEDOF\"> </a></td><td>Is a Medicine of</td><td>Is a Medicine of</td></tr><tr><td style=\"white-space:nowrap\">PACKOF<a name=\"rel-med-cs-PACKOF\"> </a></td><td>Is a Packaged Form of</td><td>Is a Packaged Form of</td></tr><tr><td style=\"white-space:nowrap\">PHARMOF<a name=\"rel-med-cs-PHARMOF\"> </a></td><td>Is a Pharmaceutical product of</td><td>Is a Pharmaceutical product of</td></tr><tr><td style=\"white-space:nowrap\">VIRTUALPACKOF<a name=\"rel-med-cs-VIRTUALPACKOF\"> </a></td><td>Is a Virtual Package Form of</td><td>Is a Virtual Package Form of</td></tr><tr><td style=\"white-space:nowrap\">VPHARMOF<a name=\"rel-med-cs-VPHARMOF\"> </a></td><td>Is a Virtual Package Form of</td><td>Is a Virtual Package Form of</td></tr><tr><td style=\"white-space:nowrap\">HASG<a name=\"rel-med-cs-HASG\"> </a></td><td>Is a from a virtual pharmaceutical product group</td><td>Is a from a virtual pharmaceutical product group</td></tr></table></div>"
  },
  "url": "http://terminology.hl7.org/CodeSystem/relMedCS",
  "version": "0.1.0",
  "name": "RelatedMedicationKnowledgeCS",
  "status": "active",
  "date": "2022-01-28T10:49:11+00:00",
  "content": "complete",
  "count": 7,
  "concept": [
    {
      "code": "SUBOF",
      "display": "Substance from",
      "definition": "Substance from"
    },
    {
      "code": "MEDOF",
      "display": "Is a Medicine of",
      "definition": "Is a Medicine of"
    },
    {
      "code": "PACKOF",
      "display": "Is a Packaged Form of",
      "definition": "Is a Packaged Form of"
    },
    {
      "code": "PHARMOF",
      "display": "Is a Pharmaceutical product of",
      "definition": "Is a Pharmaceutical product of"
    },
    {
      "code": "VIRTUALPACKOF",
      "display": "Is a Virtual Package Form of",
      "definition": "Is a Virtual Package Form of"
    },
    {
      "code": "VPHARMOF",
      "display": "Is a Virtual Package Form of",
      "definition": "Is a Virtual Package Form of"
    },
    {
      "code": "HASG",
      "display": "Is a from a virtual pharmaceutical product group",
      "definition": "Is a from a virtual pharmaceutical product group"
    }
  ]
}