{
  "resourceType": "ValueSet",
  "id": "medication-vs",
  "text": {
    "status": "generated",
    "div": "<div xmlns=\"http://www.w3.org/1999/xhtml\"><ul><li>Include all codes defined in <a href=\"CodeSystem-beingredient-cs.html\"><code>http://hl7.org/fhir/us/example/CodeSystem/beingredient-cs</code></a></li></ul></div>"
  },
  "url": "http://hl7.org/fhir/us/example/ValueSet/medication-vs",
  "version": "0.1.0",
  "name": "BeMedicationVS",
  "title": "Ingredient  Value Set",
  "status": "active",
  "date": "2022-01-28T08:56:12+00:00",
  "description": "Indicates the ingredient inside a product",
  "compose": {
    "include": [
      {
        "system": "http://hl7.org/fhir/us/example/CodeSystem/beingredient-cs"
      }
    ]
  }
}